
--INSERT SINHVIEN
INSERT INTO SINHVIEN 
VALUES('12340001',N'Trần Quốc Anh','0952201458','2016','KH&KTTT','Pass')
INSERT INTO SINHVIEN 
VALUES('12340002',N'Hoàng Tấn Bình','0953012698','2016','KH&KTTT','Pass')
INSERT INTO SINHVIEN 
VALUES('12340003',N'Lâm Xuân Cường','0959812027','2016','KH&KTTT','Pass')
INSERT INTO SINHVIEN 
VALUES('12340004',N'Nguyễn Thành Danh','0955867493','2016','KH&KTTT','Pass')
INSERT INTO SINHVIEN 
VALUES('12340005',N'Nguyễn Hạnh Dung','0954545789','2016','KH&KTTT','Pass')
INSERT INTO SINHVIEN 
VALUES('12340006',N'Nguyễn Văn Dũng','0957581556','2016','KH&KTTT','Pass')
INSERT INTO SINHVIEN 
VALUES('12340007',N'Bùi Trọng Đức','0954588523','2016','KH&KTTT','Pass')
INSERT INTO SINHVIEN 
VALUES('12340008',N'Nguyễn Minh Giang','0957441236','2016','KH&KTTT','Pass')
INSERT INTO SINHVIEN 
VALUES('12340009',N'Nguyễn Thanh Huy','0959885577','2016','KH&KTTT','Pass')
INSERT INTO SINHVIEN 
VALUES('12340010',N'Nguyễn Trung Khoa','0952223697','2016','KH&KTTT','Pass')
INSERT INTO SINHVIEN 
VALUES('12340011',N'Vũ Đăng Khôi','0957582214','2016','KHDL','Pass')
INSERT INTO SINHVIEN 
VALUES('12340012',N'Phạm Tuấn Lâm','0955522369','2016','KHDL','Pass')
INSERT INTO SINHVIEN 
VALUES('12340013',N'Võ Hoàng Linh','0951709365','2016','KHDL','Pass')
INSERT INTO SINHVIEN 
VALUES('12340014',N'Lương Nhật Minh','0951202356','2016','KHDL','Pass')
INSERT INTO SINHVIEN 
VALUES('12340015',N'Huỳnh Ngọc Mai','0957441023','2016','KHDL','Pass')
INSERT INTO SINHVIEN 
VALUES('12340016',N'Nguyễn Minh Phương','0959855144','2016','KHDL','Pass')
INSERT INTO SINHVIEN 
VALUES('12340017',N'Phan Ngọc Trâm','0957741102','2016','KHDL','Pass')
INSERT INTO SINHVIEN 
VALUES('12340018',N'Dương Văn Tuấn','0953663201','2016','KHDL','Pass')
INSERT INTO SINHVIEN 
VALUES('12340019',N'Đỗ Vinh Tùng','0953314785','2016','KHDL','Pass')
INSERT INTO SINHVIEN 
VALUES('12340020',N'Lưu Minh Vy','0950102558','2016','KHDL','Pass')


--INSERT GIANGVIEN
INSERT INTO GIANGVIEN 
VALUES('GV0001',N'Trần Văn Nam','Pass','0952505198','UIT','PHO GIAO SU','CNTT')
INSERT INTO GIANGVIEN 
VALUES('GV0002',N'Nguyễn Đức Long','Pass','0954568225','UIT','THAC SI','CNTT')
INSERT INTO GIANGVIEN 
VALUES('GV0003',N'Trần Thanh Sang','Pass','0953045791','UIT','TIEN SI','CNTT')
INSERT INTO GIANGVIEN 
VALUES('GV0004',N'Lê Hải Phong','Pass','0950101198','UIT','GIAO SU','CNTT')
INSERT INTO GIANGVIEN 
VALUES('GV0005',N'Nguyễn Thành Lâm','Pass','0953658441','UIT','TIEN SI','CNTT')
INSERT INTO GIANGVIEN 
VALUES('GV0006',N'Trần Thu Mai','Pass','0952256789','UIT','PHO GIAO SU','CNTT')
INSERT INTO GIANGVIEN 
VALUES('GV0007',N'Vũ Hoàng Huy','Pass','0951123895','UIT','THAC SI','CNTT')
INSERT INTO GIANGVIEN 
VALUES('GV0008',N'Trần Tùng Minh','Pass','0953369854','UIT','TIEN SI','CNTT')


--INSERT KHOA
INSERT INTO KHOA 
VALUES('CNTT',N'Công nghệ thông tin','GV0001')


--INSERT CHUYENNNGANH
INSERT INTO CHUYENNGANH 
VALUES('KH&KTTT',N'Khoa hoc va ki thuat thong tin','CNTT',13)
INSERT INTO CHUYENNGANH 
VALUES('KHDL',N'Khoa hoc dữ liệu','CNTT',13)

--INSERT MONHOC
INSERT INTO  MONHOC
VALUES('IE303',N'Công nghệ Java','CNTT','KH&KTTT',4)
INSERT INTO  MONHOC
VALUES('IE204',N'Tối ưu hóa công cụ tìm kiếm','CNTT','KH&KTTT',4)
INSERT INTO  MONHOC
VALUES('IS252',N'Khai thác dữ liệu','CNTT','KH&KTTT',4)
INSERT INTO  MONHOC
VALUES('IE213',N'Nodedjs Web','CNTT','KH&KTTT',4)

INSERT INTO  MONHOC
VALUES('DS300',N'Hệ khuyến nghị','CNTT','KHDL',4)
INSERT INTO  MONHOC
VALUES('DS102',N'Học máy thống kê','CNTT','KHDL',4)
INSERT INTO  MONHOC
VALUES('DS201',N'Deep Learning','CNTT','KHDL',4)
INSERT INTO  MONHOC
VALUES('DS200',N'Phân tích dữ liệu lớn','CNTT','KHDL',4)


--INSERT LOPSINHHOAT
INSERT INTO LOPSINHHOAT
VALUES('CNTT2016',N'CONG NGHE THONG TIN 2016','CNTT','KH&KTTT','GV0002')
INSERT INTO LOPSINHHOAT
VALUES('CNTT2017',N'CONG NGHE THONG TIN 2017','CNTT','KH&KTTT','GV0003')
INSERT INTO LOPSINHHOAT
VALUES('KHDL2016',N'KHOA HOC DU LIEU 2016','CNTT','KH&KTTT','GV0002')
INSERT INTO LOPSINHHOAT
VALUES('KHDL2017',N'KHOA HOC DU LIEU 2017','CNTT','KH&KTTT','GV0003')


--INSERT  LOPMONHOC
INSERT INTO LOPMONHOC
VALUES('IE303.I32',N'Công nghệ Java I32','1','2019','IE303','GV0001')
INSERT INTO LOPMONHOC
VALUES('IE204.I32',N'SEO I32','1','2019','IE204','GV0002')
INSERT INTO LOPMONHOC
VALUES('IS252.I32',N'Khai thác dữ liệu I32','2','2018','IS252','GV0003')
INSERT INTO LOPMONHOC
VALUES('IE213.I32',N'Nodejs Web I32','2','2018','IE213','GV0004')

INSERT INTO LOPMONHOC
VALUES('DS300.I32',N'Hệ khuyến nghị I32','2','2018','DS300','GV0005')
INSERT INTO LOPMONHOC
VALUES('DS102.I32',N'Học máy thống kê','2','2018','DS102','GV0006')
INSERT INTO LOPMONHOC
VALUES('DS201.I32',N'Deep Learning I32','1','2019','DS201','GV0007')
INSERT INTO LOPMONHOC
VALUES('DS200.I32',N'Phân tích dữ liệu lớn I32','1','2019','DS200','GV0008')

	
--INSERT  DETHI
INSERT INTO  DETHI
VALUES('DT001IE303','IE303','1','2019','QUA TRINH',1)
INSERT INTO  DETHI
VALUES('DT002IE303','IE303','1','2019','GIUA KI	',3)
INSERT INTO  DETHI
VALUES('DT003IE303','IE303','1','2019','THUC HANH',3)
INSERT INTO  DETHI
VALUES('DT004IE303','IE303','1','2019','CUOI KI',3)

INSERT INTO  DETHI
VALUES('DT001IE204','IE204','1','2019','QUA TRINH',1)
INSERT INTO  DETHI
VALUES('DT002IE204','IE204','1','2019','GIUA KI	',3)
INSERT INTO  DETHI
VALUES('DT003IE204','IE204','1','2019','THUC HANH',3)
INSERT INTO  DETHI
VALUES('DT004IE204','IE204','1','2019','CUOI KI',3)

INSERT INTO  DETHI
VALUES('DT001IS252','IS252','2','2018','QUA TRINH',1)
INSERT INTO  DETHI
VALUES('DT002IS252','IS252','2','2018','GIUA KI	',3)
INSERT INTO  DETHI
VALUES('DT003IS252','IS252','2','2018','THUC HANH',3)
INSERT INTO  DETHI
VALUES('DT004IS252','IS252','2','2018','CUOI KI',3)

INSERT INTO  DETHI
VALUES('DT001IE213','IE213','2','2018','QUA TRINH',1)
INSERT INTO  DETHI
VALUES('DT002IE213','IE213','2','2018','GIUA KI	',3)
INSERT INTO  DETHI
VALUES('DT003IE213','IE213','2','2018','THUC HANH',3)
INSERT INTO  DETHI
VALUES('DT004IE213','IE213','2','2018','CUOI KI',3)

INSERT INTO  DETHI
VALUES('DT001DS300','DS300','2','2018','QUA TRINH',1)
INSERT INTO  DETHI
VALUES('DT002DS300','DS300','2','2018','GIUA KI	',3)
INSERT INTO  DETHI
VALUES('DT003DS300','DS300','2','2018','THUC HANH',3)
INSERT INTO  DETHI
VALUES('DT004DS300','DS300','2','2018','CUOI KI',3)

INSERT INTO  DETHI
VALUES('DT001DS102','DS102','2','2018','QUA TRINH',1)
INSERT INTO  DETHI
VALUES('DT002DS102','DS102','2','2018','GIUA KI	',3)
INSERT INTO  DETHI
VALUES('DT003DS102','DS102','2','2018','THUC HANH',3)
INSERT INTO  DETHI
VALUES('DT004DS102','DS102','2','2018','CUOI KI',3)

INSERT INTO  DETHI
VALUES('DT001DS201','DS201','1','2019','QUA TRINH',1)
INSERT INTO  DETHI
VALUES('DT002DS201','DS201','1','2019','GIUA KI	',3)
INSERT INTO  DETHI
VALUES('DT003DS201','DS201','1','2019','THUC HANH',3)
INSERT INTO  DETHI
VALUES('DT004DS201','DS201','1','2019','CUOI KI',3)

INSERT INTO  DETHI
VALUES('DT001DS200','DS200','1','2019','QUA TRINH',1)
INSERT INTO  DETHI
VALUES('DT002DS200','DS200','1','2019','GIUA KI	',3)
INSERT INTO  DETHI
VALUES('DT003DS200','DS200','1','2019','THUC HANH',3)
INSERT INTO  DETHI
VALUES('DT004DS200','DS200','1','2019','CUOI KI',3)


--INSERT CDR_MH
INSERT INTO  CDR_MH
VALUES('IE303','G1','LO 1')
INSERT INTO  CDR_MH
VALUES('IE303','G2','LO 5')
INSERT INTO  CDR_MH
VALUES('IE303','G2','LO 10')
INSERT INTO  CDR_MH
VALUES('IE303','G3','LO 5')
INSERT INTO  CDR_MH
VALUES('IE303','G3','LO 10')
INSERT INTO  CDR_MH
VALUES('IE303','G4','LO 7')

INSERT INTO  CDR_MH
VALUES('IE204','G1','LO 2')
INSERT INTO  CDR_MH
VALUES('IE204','G2','LO 6')
INSERT INTO  CDR_MH
VALUES('IE204','G2','LO 13')
INSERT INTO  CDR_MH
VALUES('IE204','G3','LO 5')
INSERT INTO  CDR_MH
VALUES('IE204','G4','LO 10')
INSERT INTO  CDR_MH
VALUES('IE204','G5','LO 7')

INSERT INTO  CDR_MH
VALUES('IS252','G1','LO 2')
INSERT INTO  CDR_MH
VALUES('IS252','G2','LO 6')
INSERT INTO  CDR_MH
VALUES('IS252','G2','LO 13')
INSERT INTO  CDR_MH
VALUES('IS252','G3','LO 5')
INSERT INTO  CDR_MH
VALUES('IS252','G4','LO 10')
INSERT INTO  CDR_MH
VALUES('IS252','G5','LO 7')

INSERT INTO  CDR_MH
VALUES('IE213','G1','LO 2')
INSERT INTO  CDR_MH
VALUES('IE213','G2','LO 6')
INSERT INTO  CDR_MH
VALUES('IE213','G3','LO 3')
INSERT INTO  CDR_MH
VALUES('IE213','G3','LO 5')
INSERT INTO  CDR_MH
VALUES('IE213','G4','LO 1')
INSERT INTO  CDR_MH
VALUES('IE213','G5','LO 7')
-----------------------------
INSERT INTO  CDR_MH
VALUES('DS300','G1','LO 1')
INSERT INTO  CDR_MH
VALUES('DS300','G2','LO 5')
INSERT INTO  CDR_MH
VALUES('DS300','G2','LO 10')
INSERT INTO  CDR_MH
VALUES('DS300','G3','LO 5')
INSERT INTO  CDR_MH
VALUES('DS300','G3','LO 10')
INSERT INTO  CDR_MH
VALUES('DS300','G4','LO 7')

INSERT INTO  CDR_MH
VALUES('DS102','G1','LO 2')
INSERT INTO  CDR_MH
VALUES('DS102','G2','LO 6')
INSERT INTO  CDR_MH
VALUES('DS102','G2','LO 13')
INSERT INTO  CDR_MH
VALUES('DS102','G3','LO 5')
INSERT INTO  CDR_MH
VALUES('DS102','G4','LO 10')
INSERT INTO  CDR_MH
VALUES('DS102','G5','LO 7')

INSERT INTO  CDR_MH
VALUES('DS201','G1','LO 2')
INSERT INTO  CDR_MH
VALUES('DS201','G2','LO 6')
INSERT INTO  CDR_MH
VALUES('DS201','G2','LO 13')
INSERT INTO  CDR_MH
VALUES('DS201','G3','LO 5')
INSERT INTO  CDR_MH
VALUES('DS201','G4','LO 10')
INSERT INTO  CDR_MH
VALUES('DS201','G5','LO 7')

INSERT INTO  CDR_MH
VALUES('DS200','G1','LO 2')
INSERT INTO  CDR_MH
VALUES('DS200','G2','LO 6')
INSERT INTO  CDR_MH
VALUES('DS200','G3','LO 3')
INSERT INTO  CDR_MH
VALUES('DS200','G3','LO 5')
INSERT INTO  CDR_MH
VALUES('DS200','G4','LO 1')
INSERT INTO  CDR_MH
VALUES('DS200','G5','LO 7')

--INSERT CDR_CN
INSERT INTO  CDR_CN
VALUES('KHDL','LO 1')
INSERT INTO  CDR_CN
VALUES('KHDL','LO 2')
INSERT INTO  CDR_CN
VALUES('KHDL','LO 3')
INSERT INTO  CDR_CN
VALUES('KHDL','LO 4')
INSERT INTO  CDR_CN
VALUES('KHDL','LO 5')
INSERT INTO  CDR_CN
VALUES('KHDL','LO 6')
INSERT INTO  CDR_CN
VALUES('KHDL','LO 7')
INSERT INTO  CDR_CN
VALUES('KHDL','LO 8')
INSERT INTO  CDR_CN
VALUES('KHDL','LO 9')
INSERT INTO  CDR_CN
VALUES('KHDL','LO 10')
INSERT INTO  CDR_CN
VALUES('KHDL','LO 11')
INSERT INTO  CDR_CN
VALUES('KHDL','LO 12')
INSERT INTO  CDR_CN
VALUES('KHDL','LO 13')
INSERT INTO  CDR_CN
VALUES('KH&KTTT','LO 1')
INSERT INTO  CDR_CN
VALUES('KH&KTTT','LO 2')
INSERT INTO  CDR_CN
VALUES('KH&KTTT','LO 3')
INSERT INTO  CDR_CN
VALUES('KH&KTTT','LO 4')
INSERT INTO  CDR_CN
VALUES('KH&KTTT','LO 5')
INSERT INTO  CDR_CN
VALUES('KH&KTTT','LO 6')
INSERT INTO  CDR_CN
VALUES('KH&KTTT','LO 7')
INSERT INTO  CDR_CN
VALUES('KH&KTTT','LO 8')
INSERT INTO  CDR_CN
VALUES('KH&KTTT','LO 9')
INSERT INTO  CDR_CN
VALUES('KH&KTTT','LO 10')
INSERT INTO  CDR_CN
VALUES('KH&KTTT','LO 11')
INSERT INTO  CDR_CN
VALUES('KH&KTTT','LO 12')
INSERT INTO  CDR_CN
VALUES('KH&KTTT','LO 13')

--INSERT CAUTRUCDT
INSERT INTO  CAUTRUCDT
VALUES('DT001IE303',1,'G1',10)

INSERT INTO  CAUTRUCDT
VALUES('DT002IE303',1,'G1',4)
INSERT INTO  CAUTRUCDT
VALUES('DT002IE303',1,'G2',4)
INSERT INTO  CAUTRUCDT
VALUES('DT002IE303',2,'G3',4)
INSERT INTO  CAUTRUCDT
VALUES('DT002IE303',3,'G4',2)

INSERT INTO  CAUTRUCDT
VALUES('DT003IE303',1,'G1',4)
INSERT INTO  CAUTRUCDT
VALUES('DT003IE303',2,'G2',4)
INSERT INTO  CAUTRUCDT
VALUES('DT003IE303',2,'G3',4)
INSERT INTO  CAUTRUCDT
VALUES('DT003IE303',3,'G4',2)

INSERT INTO  CAUTRUCDT
VALUES('DT004IE303',1,'G1',4)
INSERT INTO  CAUTRUCDT
VALUES('DT004IE303',2,'G2',4)
INSERT INTO  CAUTRUCDT
VALUES('DT004IE303',2,'G3',4)
INSERT INTO  CAUTRUCDT
VALUES('DT004IE303',3,'G4',2)

--------------------
INSERT INTO  CAUTRUCDT
VALUES('DT001IE204',1,'G1',10)

INSERT INTO  CAUTRUCDT
VALUES('DT002IE204',1,'G1',4)
INSERT INTO  CAUTRUCDT
VALUES('DT002IE204',1,'G2',4)
INSERT INTO  CAUTRUCDT
VALUES('DT002IE204',2,'G3',4)
INSERT INTO  CAUTRUCDT
VALUES('DT002IE204',3,'G4',2)

INSERT INTO  CAUTRUCDT
VALUES('DT003IE204',1,'G1',4)
INSERT INTO  CAUTRUCDT
VALUES('DT003IE204',2,'G2',4)
INSERT INTO  CAUTRUCDT
VALUES('DT003IE204',2,'G3',4)
INSERT INTO  CAUTRUCDT
VALUES('DT003IE204',3,'G4',2)

INSERT INTO  CAUTRUCDT
VALUES('DT004IE204',1,'G1',4)
INSERT INTO  CAUTRUCDT
VALUES('DT004IE204',2,'G2',4)
INSERT INTO  CAUTRUCDT
VALUES('DT004IE204',2,'G3',4)
INSERT INTO  CAUTRUCDT
VALUES('DT004IE204',3,'G4',2)

----------------------
INSERT INTO  CAUTRUCDT
VALUES('DT001IS252',1,'G1',10)

INSERT INTO  CAUTRUCDT
VALUES('DT002IS252',1,'G1',4)
INSERT INTO  CAUTRUCDT
VALUES('DT002IS252',1,'G2',4)
INSERT INTO  CAUTRUCDT
VALUES('DT002IS252',2,'G3',4)
INSERT INTO  CAUTRUCDT
VALUES('DT002IS252',3,'G4',2)

INSERT INTO  CAUTRUCDT
VALUES('DT003IS252',1,'G1',4)
INSERT INTO  CAUTRUCDT
VALUES('DT003IS252',2,'G2',4)
INSERT INTO  CAUTRUCDT
VALUES('DT003IS252',2,'G3',4)
INSERT INTO  CAUTRUCDT
VALUES('DT003IS252',3,'G4',2)

INSERT INTO  CAUTRUCDT
VALUES('DT004IS252',1,'G1',4)
INSERT INTO  CAUTRUCDT
VALUES('DT004IS252',2,'G2',4)
INSERT INTO  CAUTRUCDT
VALUES('DT004IS252',2,'G3',4)
INSERT INTO  CAUTRUCDT
VALUES('DT004IS252',3,'G4',2)

------------------------------
INSERT INTO  CAUTRUCDT
VALUES('DT001IE213',1,'G1',10)

INSERT INTO  CAUTRUCDT
VALUES('DT002IE213',1,'G1',4)
INSERT INTO  CAUTRUCDT
VALUES('DT002IE213',1,'G2',4)
INSERT INTO  CAUTRUCDT
VALUES('DT002IE213',2,'G3',4)
INSERT INTO  CAUTRUCDT
VALUES('DT002IE213',3,'G4',2)

INSERT INTO  CAUTRUCDT
VALUES('DT003IE213',1,'G1',4)
INSERT INTO  CAUTRUCDT
VALUES('DT003IE213',2,'G2',4)
INSERT INTO  CAUTRUCDT
VALUES('DT003IE213',2,'G3',4)
INSERT INTO  CAUTRUCDT
VALUES('DT003IE213',3,'G4',2)

INSERT INTO  CAUTRUCDT
VALUES('DT004IE213',1,'G1',4)
INSERT INTO  CAUTRUCDT
VALUES('DT004IE213',2,'G2',4)
INSERT INTO  CAUTRUCDT
VALUES('DT004IE213',2,'G3',4)
INSERT INTO  CAUTRUCDT
VALUES('DT004IE213',3,'G4',2)

-----------------------------
INSERT INTO  CAUTRUCDT
VALUES('DT001DS300',1,'G1',10)

INSERT INTO  CAUTRUCDT
VALUES('DT002DS300',1,'G1',4)
INSERT INTO  CAUTRUCDT
VALUES('DT002DS300',1,'G2',4)
INSERT INTO  CAUTRUCDT
VALUES('DT002DS300',2,'G3',4)
INSERT INTO  CAUTRUCDT
VALUES('DT002DS300',3,'G4',2)

INSERT INTO  CAUTRUCDT
VALUES('DT003DS300',1,'G1',4)
INSERT INTO  CAUTRUCDT
VALUES('DT003DS300',2,'G2',4)
INSERT INTO  CAUTRUCDT
VALUES('DT003DS300',2,'G3',4)
INSERT INTO  CAUTRUCDT
VALUES('DT003DS300',3,'G4',2)

INSERT INTO  CAUTRUCDT
VALUES('DT004DS300',1,'G1',4)
INSERT INTO  CAUTRUCDT
VALUES('DT004DS300',2,'G2',4)
INSERT INTO  CAUTRUCDT
VALUES('DT004DS300',2,'G3',4)
INSERT INTO  CAUTRUCDT
VALUES('DT004DS300',3,'G4',2)

----------------------------
INSERT INTO  CAUTRUCDT
VALUES('DT001DS102',1,'G1',10)

INSERT INTO  CAUTRUCDT
VALUES('DT002DS102',1,'G1',4)
INSERT INTO  CAUTRUCDT
VALUES('DT002DS102',1,'G2',4)
INSERT INTO  CAUTRUCDT
VALUES('DT002DS102',2,'G3',4)
INSERT INTO  CAUTRUCDT
VALUES('DT002DS102',3,'G4',2)

INSERT INTO  CAUTRUCDT
VALUES('DT003DS102',1,'G1',4)
INSERT INTO  CAUTRUCDT
VALUES('DT003DS102',2,'G2',4)
INSERT INTO  CAUTRUCDT
VALUES('DT003DS102',2,'G3',4)
INSERT INTO  CAUTRUCDT
VALUES('DT003DS102',3,'G4',2)

INSERT INTO  CAUTRUCDT
VALUES('DT004DS102',1,'G1',4)
INSERT INTO  CAUTRUCDT
VALUES('DT004DS102',2,'G2',4)
INSERT INTO  CAUTRUCDT
VALUES('DT004DS102',2,'G3',4)
INSERT INTO  CAUTRUCDT
VALUES('DT004DS102',3,'G4',2)

-------------------------------
INSERT INTO  CAUTRUCDT
VALUES('DT001DS201',1,'G1',10)

INSERT INTO  CAUTRUCDT
VALUES('DT002DS201',1,'G1',4)
INSERT INTO  CAUTRUCDT
VALUES('DT002DS201',1,'G2',4)
INSERT INTO  CAUTRUCDT
VALUES('DT002DS201',2,'G3',4)
INSERT INTO  CAUTRUCDT
VALUES('DT002DS201',3,'G4',2)

INSERT INTO  CAUTRUCDT
VALUES('DT003DS201',1,'G1',4)
INSERT INTO  CAUTRUCDT
VALUES('DT003DS201',2,'G2',4)
INSERT INTO  CAUTRUCDT
VALUES('DT003DS201',2,'G3',4)
INSERT INTO  CAUTRUCDT
VALUES('DT003DS201',3,'G4',2)

INSERT INTO  CAUTRUCDT
VALUES('DT004DS201',1,'G1',4)
INSERT INTO  CAUTRUCDT
VALUES('DT004DS201',2,'G2',4)
INSERT INTO  CAUTRUCDT
VALUES('DT004DS201',2,'G3',4)
INSERT INTO  CAUTRUCDT
VALUES('DT004DS201',3,'G4',2)

------------------------------
INSERT INTO  CAUTRUCDT
VALUES('DT001DS200',1,'G1',10)

INSERT INTO  CAUTRUCDT
VALUES('DT002DS200',1,'G1',4)
INSERT INTO  CAUTRUCDT
VALUES('DT002DS200',1,'G2',4)
INSERT INTO  CAUTRUCDT
VALUES('DT002DS200',2,'G3',4)
INSERT INTO  CAUTRUCDT
VALUES('DT002DS200',3,'G4',2)

INSERT INTO  CAUTRUCDT
VALUES('DT003DS200',1,'G1',4)
INSERT INTO  CAUTRUCDT
VALUES('DT003DS200',2,'G2',4)
INSERT INTO  CAUTRUCDT
VALUES('DT003DS200',2,'G3',4)
INSERT INTO  CAUTRUCDT
VALUES('DT003DS200',3,'G4',2)

INSERT INTO  CAUTRUCDT
VALUES('DT004DS200',1,'G1',4)
INSERT INTO  CAUTRUCDT
VALUES('DT004DS200',2,'G2',4)
INSERT INTO  CAUTRUCDT
VALUES('DT004DS200',2,'G3',4)
INSERT INTO  CAUTRUCDT
VALUES('DT004DS200',3,'G4',2)

--INSERT KETQUATHI
-----------12340001----------------
INSERT INTO  KETQUATHI
VALUES('12340001','IE303','DT001IE303',1,8)

INSERT INTO  KETQUATHI
VALUES('12340001','IE303','DT002IE303',1,2)
INSERT INTO  KETQUATHI
VALUES('12340001','IE303','DT002IE303',2,2)
INSERT INTO  KETQUATHI
VALUES('12340001','IE303','DT002IE303',3,1)

INSERT INTO  KETQUATHI
VALUES('12340001','IE303','DT003IE303',1,3)
INSERT INTO  KETQUATHI
VALUES('12340001','IE303','DT003IE303',2,2)
INSERT INTO  KETQUATHI
VALUES('12340001','IE303','DT003IE303',3,2)

INSERT INTO  KETQUATHI
VALUES('12340001','IE303','DT004IE303',1,3)
INSERT INTO  KETQUATHI
VALUES('12340001','IE303','DT004IE303',2,2)
INSERT INTO  KETQUATHI
VALUES('12340001','IE303','DT004IE303',3,1)

-----------
INSERT INTO  KETQUATHI
VALUES('12340001','IE204','DT001IE204',1,8)

INSERT INTO  KETQUATHI
VALUES('12340001','IE204','DT002IE204',1,2)
INSERT INTO  KETQUATHI
VALUES('12340001','IE204','DT002IE204',2,2)
INSERT INTO  KETQUATHI
VALUES('12340001','IE204','DT002IE204',3,2)

INSERT INTO  KETQUATHI
VALUES('12340001','IE204','DT003IE204',1,3)
INSERT INTO  KETQUATHI
VALUES('12340001','IE204','DT003IE204',2,2)
INSERT INTO  KETQUATHI
VALUES('12340001','IE204','DT003IE204',3,2)

INSERT INTO  KETQUATHI
VALUES('12340001','IE204','DT004IE204',1,3)
INSERT INTO  KETQUATHI
VALUES('12340001','IE204','DT004IE204',2,2)
INSERT INTO  KETQUATHI
VALUES('12340001','IE204','DT004IE204',3,1)

---------------
INSERT INTO  KETQUATHI
VALUES('12340001','IS252','DT001IS252',1,7)

INSERT INTO  KETQUATHI
VALUES('12340001','IS252','DT002IS252',1,2)
INSERT INTO  KETQUATHI
VALUES('12340001','IS252','DT002IS252',2,2)
INSERT INTO  KETQUATHI
VALUES('12340001','IS252','DT002IS252',3,1)

INSERT INTO  KETQUATHI
VALUES('12340001','IS252','DT003IS252',1,3)
INSERT INTO  KETQUATHI
VALUES('12340001','IS252','DT003IS252',2,2)
INSERT INTO  KETQUATHI
VALUES('12340001','IS252','DT003IS252',3,2)

INSERT INTO  KETQUATHI
VALUES('12340001','IS252','DT004IS252',1,3)
INSERT INTO  KETQUATHI
VALUES('12340001','IS252','DT004IS252',2,2)
INSERT INTO  KETQUATHI
VALUES('12340001','IS252','DT004IS252',3,1)

INSERT INTO  KETQUATHI
VALUES('12340001','IE213','DT001IE213',1,8)
 
INSERT INTO  KETQUATHI
VALUES('12340001','IE213','DT002IE213',1,2)
INSERT INTO  KETQUATHI
VALUES('12340001','IE213','DT002IE213',2,2)
INSERT INTO  KETQUATHI
VALUES('12340001','IE213','DT002IE213',3,1)

INSERT INTO  KETQUATHI
VALUES('12340001','IE213','DT003IE213',1,3)
INSERT INTO  KETQUATHI
VALUES('12340001','IE213','DT003IE213',2,3)
INSERT INTO  KETQUATHI
VALUES('12340001','IE213','DT003IE213',3,3)


INSERT INTO  KETQUATHI
VALUES('12340001','IE213','DT004IE213',1,4)
INSERT INTO  KETQUATHI
VALUES('12340001','IE213','DT004IE213',2,2)
INSERT INTO  KETQUATHI
VALUES('12340001','IE213','DT004IE213',3,3)

-------------------12340002--------------------------
-----------------------------------------------------
INSERT INTO  KETQUATHI
VALUES('12340002','IE303','DT001IE303',1,7)

INSERT INTO  KETQUATHI
VALUES('12340002','IE303','DT002IE303',1,2)
INSERT INTO  KETQUATHI
VALUES('12340002','IE303','DT002IE303',2,2)
INSERT INTO  KETQUATHI
VALUES('12340002','IE303','DT002IE303',3,1)

INSERT INTO  KETQUATHI
VALUES('12340002','IE303','DT003IE303',1,2)
INSERT INTO  KETQUATHI
VALUES('12340002','IE303','DT003IE303',2,3)
INSERT INTO  KETQUATHI
VALUES('12340002','IE303','DT003IE303',3,2)

INSERT INTO  KETQUATHI
VALUES('12340002','IE303','DT004IE303',1,3)
INSERT INTO  KETQUATHI
VALUES('12340002','IE303','DT004IE303',2,2)
INSERT INTO  KETQUATHI
VALUES('12340002','IE303','DT004IE303',3,2)

-----
INSERT INTO  KETQUATHI
VALUES('12340002','IE204','DT001IE204',1,8)

INSERT INTO  KETQUATHI
VALUES('12340002','IE204','DT002IE204',1,2)
INSERT INTO  KETQUATHI
VALUES('12340002','IE204','DT002IE204',2,2)
INSERT INTO  KETQUATHI
VALUES('12340002','IE204','DT002IE204',3,1)

INSERT INTO  KETQUATHI
VALUES('12340002','IE204','DT003IE204',1,2)
INSERT INTO  KETQUATHI
VALUES('12340002','IE204','DT003IE204',2,2)
INSERT INTO  KETQUATHI
VALUES('12340002','IE204','DT003IE204',3,3)

INSERT INTO  KETQUATHI
VALUES('12340002','IE204','DT004IE204',1,3)
INSERT INTO  KETQUATHI
VALUES('12340002','IE204','DT004IE204',2,3)
INSERT INTO  KETQUATHI
VALUES('12340002','IE204','DT004IE204',3,3)

-----
INSERT INTO  KETQUATHI
VALUES('12340002','IS252','DT001IS252',1,5)

INSERT INTO  KETQUATHI
VALUES('12340002','IS252','DT002IS252',1,2)
INSERT INTO  KETQUATHI
VALUES('12340002','IS252','DT002IS252',2,2)
INSERT INTO  KETQUATHI
VALUES('12340002','IS252','DT002IS252',3,2)

INSERT INTO  KETQUATHI
VALUES('12340002','IS252','DT003IS252',1,3)
INSERT INTO  KETQUATHI
VALUES('12340002','IS252','DT003IS252',2,2)
INSERT INTO  KETQUATHI
VALUES('12340002','IS252','DT003IS252',3,2)

INSERT INTO  KETQUATHI
VALUES('12340002','IS252','DT004IS252',1,3)
INSERT INTO  KETQUATHI
VALUES('12340002','IS252','DT004IS252',2,2)
INSERT INTO  KETQUATHI
VALUES('12340002','IS252','DT004IS252',3,1)

-----
INSERT INTO  KETQUATHI
VALUES('12340002','IE213','DT001IE213',1,5)

INSERT INTO  KETQUATHI
VALUES('12340002','IE213','DT002IE213',1,3)
INSERT INTO  KETQUATHI
VALUES('12340002','IE213','DT002IE213',2,2)
INSERT INTO  KETQUATHI
VALUES('12340002','IE213','DT002IE213',3,3)

INSERT INTO  KETQUATHI
VALUES('12340002','IE213','DT003IE213',1,3)
INSERT INTO  KETQUATHI
VALUES('12340002','IE213','DT003IE213',2,2)
INSERT INTO  KETQUATHI
VALUES('12340002','IE213','DT003IE213',3,2)


INSERT INTO  KETQUATHI
VALUES('12340002','IE213','DT004IE213',1,3)
INSERT INTO  KETQUATHI
VALUES('12340002','IE213','DT004IE213',2,2)
INSERT INTO  KETQUATHI
VALUES('12340002','IE213','DT004IE213',3,1)

----------------------12340003------------------------
INSERT INTO  KETQUATHI
VALUES('12340003','IE303','DT001IE303',1,8)

INSERT INTO  KETQUATHI
VALUES('12340003','IE303','DT002IE303',1,2)
INSERT INTO  KETQUATHI
VALUES('12340003','IE303','DT002IE303',2,2)
INSERT INTO  KETQUATHI
VALUES('12340003','IE303','DT002IE303',3,1)

INSERT INTO  KETQUATHI
VALUES('12340003','IE303','DT003IE303',1,3)
INSERT INTO  KETQUATHI
VALUES('12340003','IE303','DT003IE303',2,2)
INSERT INTO  KETQUATHI
VALUES('12340003','IE303','DT003IE303',3,2)

INSERT INTO  KETQUATHI
VALUES('12340003','IE303','DT004IE303',1,3)
INSERT INTO  KETQUATHI
VALUES('12340003','IE303','DT004IE303',2,2)
INSERT INTO  KETQUATHI
VALUES('12340003','IE303','DT004IE303',3,3)

-----------
INSERT INTO  KETQUATHI
VALUES('12340003','IE204','DT001IE204',1,5)

INSERT INTO  KETQUATHI
VALUES('12340003','IE204','DT002IE204',1,2)
INSERT INTO  KETQUATHI
VALUES('12340003','IE204','DT002IE204',2,2)
INSERT INTO  KETQUATHI
VALUES('12340003','IE204','DT002IE204',3,0)

INSERT INTO  KETQUATHI
VALUES('12340003','IE204','DT003IE204',1,3)
INSERT INTO  KETQUATHI
VALUES('12340003','IE204','DT003IE204',2,2)
INSERT INTO  KETQUATHI
VALUES('12340003','IE204','DT003IE204',3,2)

INSERT INTO  KETQUATHI
VALUES('12340003','IE204','DT004IE204',1,3)
INSERT INTO  KETQUATHI
VALUES('12340003','IE204','DT004IE204',2,2)
INSERT INTO  KETQUATHI
VALUES('12340003','IE204','DT004IE204',3,3)

---------------
INSERT INTO  KETQUATHI
VALUES('12340003','IS252','DT001IS252',1,9)

INSERT INTO  KETQUATHI
VALUES('12340003','IS252','DT002IS252',1,2)
INSERT INTO  KETQUATHI
VALUES('12340003','IS252','DT002IS252',2,2)
INSERT INTO  KETQUATHI
VALUES('12340003','IS252','DT002IS252',3,1)

INSERT INTO  KETQUATHI
VALUES('12340003','IS252','DT003IS252',1,4)
INSERT INTO  KETQUATHI
VALUES('12340003','IS252','DT003IS252',2,3)
INSERT INTO  KETQUATHI
VALUES('12340003','IS252','DT003IS252',3,2)

INSERT INTO  KETQUATHI
VALUES('12340003','IS252','DT004IS252',1,3)
INSERT INTO  KETQUATHI
VALUES('12340003','IS252','DT004IS252',2,2)
INSERT INTO  KETQUATHI
VALUES('12340003','IS252','DT004IS252',3,1)

INSERT INTO  KETQUATHI
VALUES('12340003','IE213','DT001IE213',1,5)

INSERT INTO  KETQUATHI
VALUES('12340003','IE213','DT002IE213',1,2)
INSERT INTO  KETQUATHI
VALUES('12340003','IE213','DT002IE213',2,2)
INSERT INTO  KETQUATHI
VALUES('12340003','IE213','DT002IE213',3,1)

INSERT INTO  KETQUATHI
VALUES('12340003','IE213','DT003IE213',1,4)
INSERT INTO  KETQUATHI
VALUES('12340003','IE213','DT003IE213',2,2)
INSERT INTO  KETQUATHI
VALUES('12340003','IE213','DT003IE213',3,2)

INSERT INTO  KETQUATHI
VALUES('12340003','IE213','DT004IE213',1,3)
INSERT INTO  KETQUATHI
VALUES('12340003','IE213','DT004IE213',2,3)
INSERT INTO  KETQUATHI
VALUES('12340003','IE213','DT004IE213',3,2)

-----------------------12340004-----------------------------
INSERT INTO  KETQUATHI
VALUES('12340004','IE303','DT001IE303',1,5)

INSERT INTO  KETQUATHI
VALUES('12340004','IE303','DT002IE303',1,2)
INSERT INTO  KETQUATHI
VALUES('12340004','IE303','DT002IE303',2,0)
INSERT INTO  KETQUATHI
VALUES('12340004','IE303','DT002IE303',3,1)

INSERT INTO  KETQUATHI
VALUES('12340004','IE303','DT003IE303',1,3)
INSERT INTO  KETQUATHI
VALUES('12340004','IE303','DT003IE303',2,3)
INSERT INTO  KETQUATHI
VALUES('12340004','IE303','DT003IE303',3,2)

INSERT INTO  KETQUATHI
VALUES('12340004','IE303','DT004IE303',1,3)
INSERT INTO  KETQUATHI
VALUES('12340004','IE303','DT004IE303',2,2)
INSERT INTO  KETQUATHI
VALUES('12340004','IE303','DT004IE303',3,1)

-----------
INSERT INTO  KETQUATHI
VALUES('12340004','IE204','DT001IE204',1,7)

INSERT INTO  KETQUATHI
VALUES('12340004','IE204','DT002IE204',1,2)
INSERT INTO  KETQUATHI
VALUES('12340004','IE204','DT002IE204',2,2)
INSERT INTO  KETQUATHI
VALUES('12340004','IE204','DT002IE204',3,1)

INSERT INTO  KETQUATHI
VALUES('12340004','IE204','DT003IE204',1,3)
INSERT INTO  KETQUATHI
VALUES('12340004','IE204','DT003IE204',2,2)
INSERT INTO  KETQUATHI
VALUES('12340004','IE204','DT003IE204',3,2)

INSERT INTO  KETQUATHI
VALUES('12340004','IE204','DT004IE204',1,3)
INSERT INTO  KETQUATHI
VALUES('12340004','IE204','DT004IE204',2,2)
INSERT INTO  KETQUATHI
VALUES('12340004','IE204','DT004IE204',3,2)

---------------
INSERT INTO  KETQUATHI
VALUES('12340004','IS252','DT001IS252',1,8)

INSERT INTO  KETQUATHI
VALUES('12340004','IS252','DT002IS252',1,2)
INSERT INTO  KETQUATHI
VALUES('12340004','IS252','DT002IS252',2,2)
INSERT INTO  KETQUATHI
VALUES('12340004','IS252','DT002IS252',3,1)

INSERT INTO  KETQUATHI
VALUES('12340004','IS252','DT003IS252',1,4)
INSERT INTO  KETQUATHI
VALUES('12340004','IS252','DT003IS252',2,2)
INSERT INTO  KETQUATHI
VALUES('12340004','IS252','DT003IS252',3,2)

INSERT INTO  KETQUATHI
VALUES('12340004','IS252','DT004IS252',1,3)
INSERT INTO  KETQUATHI
VALUES('12340004','IS252','DT004IS252',2,2)
INSERT INTO  KETQUATHI
VALUES('12340004','IS252','DT004IS252',3,1)


INSERT INTO  KETQUATHI
VALUES('12340004','IE213','DT001IE213',1,5)

INSERT INTO  KETQUATHI
VALUES('12340004','IE213','DT002IE213',1,3)
INSERT INTO  KETQUATHI
VALUES('12340004','IE213','DT002IE213',2,2)
INSERT INTO  KETQUATHI
VALUES('12340004','IE213','DT002IE213',3,3)

INSERT INTO  KETQUATHI
VALUES('12340004','IE213','DT003IE213',1,3)
INSERT INTO  KETQUATHI
VALUES('12340004','IE213','DT003IE213',2,2)
INSERT INTO  KETQUATHI
VALUES('12340004','IE213','DT003IE213',3,2)


INSERT INTO  KETQUATHI
VALUES('12340004','IE213','DT004IE213',1,3)
INSERT INTO  KETQUATHI
VALUES('12340004','IE213','DT004IE213',2,2)
INSERT INTO  KETQUATHI
VALUES('12340004','IE213','DT004IE213',3,2)

---------------------12340005--------------------------
INSERT INTO  KETQUATHI
VALUES('12340005','IE303','DT001IE303',1,5)

INSERT INTO  KETQUATHI
VALUES('12340005','IE303','DT002IE303',1,2)
INSERT INTO  KETQUATHI
VALUES('12340005','IE303','DT002IE303',2,2)
INSERT INTO  KETQUATHI
VALUES('12340005','IE303','DT002IE303',3,3)

INSERT INTO  KETQUATHI
VALUES('12340005','IE303','DT003IE303',1,3)
INSERT INTO  KETQUATHI
VALUES('12340005','IE303','DT003IE303',2,2)
INSERT INTO  KETQUATHI
VALUES('12340005','IE303','DT003IE303',3,1)

INSERT INTO  KETQUATHI
VALUES('12340005','IE303','DT004IE303',1,3)
INSERT INTO  KETQUATHI
VALUES('12340005','IE303','DT004IE303',2,2)
INSERT INTO  KETQUATHI
VALUES('12340005','IE303','DT004IE303',3,3)

-----------
INSERT INTO  KETQUATHI
VALUES('12340005','IE204','DT001IE204',1,4)

INSERT INTO  KETQUATHI
VALUES('12340005','IE204','DT002IE204',1,2)
INSERT INTO  KETQUATHI
VALUES('12340005','IE204','DT002IE204',2,2)
INSERT INTO  KETQUATHI
VALUES('12340005','IE204','DT002IE204',3,1)

INSERT INTO  KETQUATHI
VALUES('12340005','IE204','DT003IE204',1,3)
INSERT INTO  KETQUATHI
VALUES('12340005','IE204','DT003IE204',2,2)
INSERT INTO  KETQUATHI
VALUES('12340005','IE204','DT003IE204',3,2)

INSERT INTO  KETQUATHI
VALUES('12340005','IE204','DT004IE204',1,4)
INSERT INTO  KETQUATHI
VALUES('12340005','IE204','DT004IE204',2,2)
INSERT INTO  KETQUATHI
VALUES('12340005','IE204','DT004IE204',3,3)

---------------
INSERT INTO  KETQUATHI
VALUES('12340005','IS252','DT001IS252',1,5)

INSERT INTO  KETQUATHI
VALUES('12340005','IS252','DT002IS252',1,4)
INSERT INTO  KETQUATHI
VALUES('12340005','IS252','DT002IS252',2,3)
INSERT INTO  KETQUATHI
VALUES('12340005','IS252','DT002IS252',3,2)

INSERT INTO  KETQUATHI
VALUES('12340005','IS252','DT003IS252',1,3)
INSERT INTO  KETQUATHI
VALUES('12340005','IS252','DT003IS252',2,2)
INSERT INTO  KETQUATHI
VALUES('12340005','IS252','DT003IS252',3,2)

INSERT INTO  KETQUATHI
VALUES('12340005','IS252','DT004IS252',1,3)
INSERT INTO  KETQUATHI
VALUES('12340005','IS252','DT004IS252',2,2)
INSERT INTO  KETQUATHI
VALUES('12340005','IS252','DT004IS252',3,3)


INSERT INTO  KETQUATHI
VALUES('12340005','IE213','DT001IE213',1,6)

INSERT INTO  KETQUATHI
VALUES('12340005','IE213','DT002IE213',1,2)
INSERT INTO  KETQUATHI
VALUES('12340005','IE213','DT002IE213',2,2)
INSERT INTO  KETQUATHI
VALUES('12340005','IE213','DT002IE213',3,1)

INSERT INTO  KETQUATHI
VALUES('12340005','IE213','DT003IE213',1,3)
INSERT INTO  KETQUATHI
VALUES('12340005','IE213','DT003IE213',2,2)
INSERT INTO  KETQUATHI
VALUES('12340005','IE213','DT003IE213',3,2)


INSERT INTO  KETQUATHI
VALUES('12340005','IE213','DT004IE213',1,3)
INSERT INTO  KETQUATHI
VALUES('12340005','IE213','DT004IE213',2,2)
INSERT INTO  KETQUATHI
VALUES('12340005','IE213','DT004IE213',3,1)

---------------------12340006-----------------------------
INSERT INTO  KETQUATHI
VALUES('12340006','IE303','DT001IE303',1,5)

INSERT INTO  KETQUATHI
VALUES('12340006','IE303','DT002IE303',1,2)
INSERT INTO  KETQUATHI
VALUES('12340006','IE303','DT002IE303',2,2)
INSERT INTO  KETQUATHI
VALUES('12340006','IE303','DT002IE303',3,2)

INSERT INTO  KETQUATHI
VALUES('12340006','IE303','DT003IE303',1,3)
INSERT INTO  KETQUATHI
VALUES('12340006','IE303','DT003IE303',2,2)
INSERT INTO  KETQUATHI
VALUES('12340006','IE303','DT003IE303',3,2)

INSERT INTO  KETQUATHI
VALUES('12340006','IE303','DT004IE303',1,3)
INSERT INTO  KETQUATHI
VALUES('12340006','IE303','DT004IE303',2,2)
INSERT INTO  KETQUATHI
VALUES('12340006','IE303','DT004IE303',3,2)

-----------
INSERT INTO  KETQUATHI
VALUES('12340006','IE204','DT001IE204',1,5)

INSERT INTO  KETQUATHI
VALUES('12340006','IE204','DT002IE204',1,3)
INSERT INTO  KETQUATHI
VALUES('12340006','IE204','DT002IE204',2,2)
INSERT INTO  KETQUATHI
VALUES('12340006','IE204','DT002IE204',3,2)

INSERT INTO  KETQUATHI
VALUES('12340006','IE204','DT003IE204',1,4)
INSERT INTO  KETQUATHI
VALUES('12340006','IE204','DT003IE204',2,2)
INSERT INTO  KETQUATHI
VALUES('12340006','IE204','DT003IE204',3,2)

INSERT INTO  KETQUATHI
VALUES('12340006','IE204','DT004IE204',1,3)
INSERT INTO  KETQUATHI
VALUES('12340006','IE204','DT004IE204',2,2)
INSERT INTO  KETQUATHI
VALUES('12340006','IE204','DT004IE204',3,1)

---------------
INSERT INTO  KETQUATHI
VALUES('12340006','IS252','DT001IS252',1,5)

INSERT INTO  KETQUATHI
VALUES('12340006','IS252','DT002IS252',1,2)
INSERT INTO  KETQUATHI
VALUES('12340006','IS252','DT002IS252',2,3)
INSERT INTO  KETQUATHI
VALUES('12340006','IS252','DT002IS252',3,3)

INSERT INTO  KETQUATHI
VALUES('12340006','IS252','DT003IS252',1,2)
INSERT INTO  KETQUATHI
VALUES('12340006','IS252','DT003IS252',2,2)
INSERT INTO  KETQUATHI
VALUES('12340006','IS252','DT003IS252',3,2)

INSERT INTO  KETQUATHI
VALUES('12340006','IS252','DT004IS252',1,3)
INSERT INTO  KETQUATHI
VALUES('12340006','IS252','DT004IS252',2,2)
INSERT INTO  KETQUATHI
VALUES('12340006','IS252','DT004IS252',3,0)

INSERT INTO  KETQUATHI
VALUES('12340006','IE213','DT001IE213',1,6)

INSERT INTO  KETQUATHI
VALUES('12340006','IE213','DT002IE213',1,2)
INSERT INTO  KETQUATHI
VALUES('12340006','IE213','DT002IE213',2,2)
INSERT INTO  KETQUATHI
VALUES('12340006','IE213','DT002IE213',3,1)

INSERT INTO  KETQUATHI
VALUES('12340006','IE213','DT003IE213',1,3)
INSERT INTO  KETQUATHI
VALUES('12340006','IE213','DT003IE213',2,2)
INSERT INTO  KETQUATHI
VALUES('12340006','IE213','DT003IE213',3,2)

INSERT INTO  KETQUATHI
VALUES('12340006','IE213','DT004IE213',1,3)
INSERT INTO  KETQUATHI
VALUES('12340006','IE213','DT004IE213',2,2)
INSERT INTO  KETQUATHI
VALUES('12340006','IE213','DT004IE213',3,1)

----------------------12340007----------------------------
INSERT INTO  KETQUATHI
VALUES('12340007','IE303','DT001IE303',1,5)

INSERT INTO  KETQUATHI
VALUES('12340007','IE303','DT002IE303',1,2)
INSERT INTO  KETQUATHI
VALUES('12340007','IE303','DT002IE303',2,2)
INSERT INTO  KETQUATHI
VALUES('12340007','IE303','DT002IE303',3,1)

INSERT INTO  KETQUATHI
VALUES('12340007','IE303','DT003IE303',1,3)
INSERT INTO  KETQUATHI
VALUES('12340007','IE303','DT003IE303',2,2)
INSERT INTO  KETQUATHI
VALUES('12340007','IE303','DT003IE303',3,3)

INSERT INTO  KETQUATHI
VALUES('12340007','IE303','DT004IE303',1,3)
INSERT INTO  KETQUATHI
VALUES('12340007','IE303','DT004IE303',2,2)
INSERT INTO  KETQUATHI
VALUES('12340007','IE303','DT004IE303',3,3)

-----------
INSERT INTO  KETQUATHI
VALUES('12340007','IE204','DT001IE204',1,8)

INSERT INTO  KETQUATHI
VALUES('12340007','IE204','DT002IE204',1,3)
INSERT INTO  KETQUATHI
VALUES('12340007','IE204','DT002IE204',2,3)
INSERT INTO  KETQUATHI
VALUES('12340007','IE204','DT002IE204',3,3)

INSERT INTO  KETQUATHI
VALUES('12340007','IE204','DT003IE204',1,3)
INSERT INTO  KETQUATHI
VALUES('12340007','IE204','DT003IE204',2,2)
INSERT INTO  KETQUATHI
VALUES('12340007','IE204','DT003IE204',3,2)

INSERT INTO  KETQUATHI
VALUES('12340007','IE204','DT004IE204',1,3)
INSERT INTO  KETQUATHI
VALUES('12340007','IE204','DT004IE204',2,2)
INSERT INTO  KETQUATHI
VALUES('12340007','IE204','DT004IE204',3,1)

---------------
INSERT INTO  KETQUATHI
VALUES('12340007','IS252','DT001IS252',1,5)

INSERT INTO  KETQUATHI
VALUES('12340007','IS252','DT002IS252',1,2)
INSERT INTO  KETQUATHI
VALUES('12340007','IS252','DT002IS252',2,2)
INSERT INTO  KETQUATHI
VALUES('12340007','IS252','DT002IS252',3,3)

INSERT INTO  KETQUATHI
VALUES('12340007','IS252','DT003IS252',1,3)
INSERT INTO  KETQUATHI
VALUES('12340007','IS252','DT003IS252',2,2)
INSERT INTO  KETQUATHI
VALUES('12340007','IS252','DT003IS252',3,2)

INSERT INTO  KETQUATHI
VALUES('12340007','IS252','DT004IS252',1,3)
INSERT INTO  KETQUATHI
VALUES('12340007','IS252','DT004IS252',2,3)
INSERT INTO  KETQUATHI
VALUES('12340007','IS252','DT004IS252',3,3)


INSERT INTO  KETQUATHI
VALUES('12340007','IE213','DT001IE213',1,8)

INSERT INTO  KETQUATHI
VALUES('12340007','IE213','DT002IE213',1,2)
INSERT INTO  KETQUATHI
VALUES('12340007','IE213','DT002IE213',2,2)
INSERT INTO  KETQUATHI
VALUES('12340007','IE213','DT002IE213',3,1)

INSERT INTO  KETQUATHI
VALUES('12340007','IE213','DT003IE213',1,3)
INSERT INTO  KETQUATHI
VALUES('12340007','IE213','DT003IE213',2,2)
INSERT INTO  KETQUATHI
VALUES('12340007','IE213','DT003IE213',3,2)


INSERT INTO  KETQUATHI
VALUES('12340007','IE213','DT004IE213',1,3)
INSERT INTO  KETQUATHI
VALUES('12340007','IE213','DT004IE213',2,2)
INSERT INTO  KETQUATHI
VALUES('12340007','IE213','DT004IE213',3,1)

-------------------12340008----------------------------
INSERT INTO  KETQUATHI
VALUES('12340008','IE303','DT001IE303',1,5)

INSERT INTO  KETQUATHI
VALUES('12340008','IE303','DT002IE303',1,2)
INSERT INTO  KETQUATHI
VALUES('12340008','IE303','DT002IE303',2,2)
INSERT INTO  KETQUATHI
VALUES('12340008','IE303','DT002IE303',3,3)

INSERT INTO  KETQUATHI
VALUES('12340008','IE303','DT003IE303',1,3)
INSERT INTO  KETQUATHI
VALUES('12340008','IE303','DT003IE303',2,2)
INSERT INTO  KETQUATHI
VALUES('12340008','IE303','DT003IE303',3,2)

INSERT INTO  KETQUATHI
VALUES('12340008','IE303','DT004IE303',1,3)
INSERT INTO  KETQUATHI
VALUES('12340008','IE303','DT004IE303',2,2)
INSERT INTO  KETQUATHI
VALUES('12340008','IE303','DT004IE303',3,1)

-----------
INSERT INTO  KETQUATHI
VALUES('12340008','IE204','DT001IE204',1,8)

INSERT INTO  KETQUATHI
VALUES('12340008','IE204','DT002IE204',1,2)
INSERT INTO  KETQUATHI
VALUES('12340008','IE204','DT002IE204',2,2)
INSERT INTO  KETQUATHI
VALUES('12340008','IE204','DT002IE204',3,1)

INSERT INTO  KETQUATHI
VALUES('12340008','IE204','DT003IE204',1,3)
INSERT INTO  KETQUATHI
VALUES('12340008','IE204','DT003IE204',2,2)
INSERT INTO  KETQUATHI
VALUES('12340008','IE204','DT003IE204',3,2)

INSERT INTO  KETQUATHI
VALUES('12340008','IE204','DT004IE204',1,3)
INSERT INTO  KETQUATHI
VALUES('12340008','IE204','DT004IE204',2,2)
INSERT INTO  KETQUATHI
VALUES('12340008','IE204','DT004IE204',3,1)

---------------
INSERT INTO  KETQUATHI
VALUES('12340008','IS252','DT001IS252',1,5)

INSERT INTO  KETQUATHI
VALUES('12340008','IS252','DT002IS252',1,2)
INSERT INTO  KETQUATHI
VALUES('12340008','IS252','DT002IS252',2,3)
INSERT INTO  KETQUATHI
VALUES('12340008','IS252','DT002IS252',3,3)

INSERT INTO  KETQUATHI
VALUES('12340008','IS252','DT003IS252',1,3)
INSERT INTO  KETQUATHI
VALUES('12340008','IS252','DT003IS252',2,2)
INSERT INTO  KETQUATHI
VALUES('12340008','IS252','DT003IS252',3,2)

INSERT INTO  KETQUATHI
VALUES('12340008','IS252','DT004IS252',1,3)
INSERT INTO  KETQUATHI
VALUES('12340008','IS252','DT004IS252',2,2)
INSERT INTO  KETQUATHI
VALUES('12340008','IS252','DT004IS252',3,1)

--
INSERT INTO  KETQUATHI
VALUES('12340008','IE213','DT001IE213',1,6)

INSERT INTO  KETQUATHI
VALUES('12340008','IE213','DT002IE213',1,2)
INSERT INTO  KETQUATHI
VALUES('12340008','IE213','DT002IE213',2,2)
INSERT INTO  KETQUATHI
VALUES('12340008','IE213','DT002IE213',3,1)

INSERT INTO  KETQUATHI
VALUES('12340008','IE213','DT003IE213',1,3)
INSERT INTO  KETQUATHI
VALUES('12340008','IE213','DT003IE213',2,2)
INSERT INTO  KETQUATHI
VALUES('12340008','IE213','DT003IE213',3,2)

INSERT INTO  KETQUATHI
VALUES('12340008','IE213','DT004IE213',1,3)
INSERT INTO  KETQUATHI
VALUES('12340008','IE213','DT004IE213',2,2)
INSERT INTO  KETQUATHI
VALUES('12340008','IE213','DT004IE213',3,1)

---------------------12340009----------------------------
INSERT INTO  KETQUATHI
VALUES('12340009','IE303','DT001IE303',1,5)

INSERT INTO  KETQUATHI
VALUES('12340009','IE303','DT002IE303',1,4)
INSERT INTO  KETQUATHI
VALUES('12340009','IE303','DT002IE303',2,2)
INSERT INTO  KETQUATHI
VALUES('12340009','IE303','DT002IE303',3,2)

INSERT INTO  KETQUATHI
VALUES('12340009','IE303','DT003IE303',1,3)
INSERT INTO  KETQUATHI
VALUES('12340009','IE303','DT003IE303',2,2)
INSERT INTO  KETQUATHI
VALUES('12340009','IE303','DT003IE303',3,2)

INSERT INTO  KETQUATHI
VALUES('12340009','IE303','DT004IE303',1,3)
INSERT INTO  KETQUATHI
VALUES('12340009','IE303','DT004IE303',2,2)
INSERT INTO  KETQUATHI
VALUES('12340009','IE303','DT004IE303',3,1)

-----------
INSERT INTO  KETQUATHI
VALUES('12340009','IE204','DT001IE204',1,5)

INSERT INTO  KETQUATHI
VALUES('12340009','IE204','DT002IE204',1,2)
INSERT INTO  KETQUATHI
VALUES('12340009','IE204','DT002IE204',2,2)
INSERT INTO  KETQUATHI
VALUES('12340009','IE204','DT002IE204',3,3)

INSERT INTO  KETQUATHI
VALUES('12340009','IE204','DT003IE204',1,3)
INSERT INTO  KETQUATHI
VALUES('12340009','IE204','DT003IE204',2,2)
INSERT INTO  KETQUATHI
VALUES('12340009','IE204','DT003IE204',3,2)

INSERT INTO  KETQUATHI
VALUES('12340009','IE204','DT004IE204',1,3)
INSERT INTO  KETQUATHI
VALUES('12340009','IE204','DT004IE204',2,2)
INSERT INTO  KETQUATHI
VALUES('12340009','IE204','DT004IE204',3,3)

---------------
INSERT INTO  KETQUATHI
VALUES('12340009','IS252','DT001IS252',1,9)

INSERT INTO  KETQUATHI
VALUES('12340009','IS252','DT002IS252',1,2)
INSERT INTO  KETQUATHI
VALUES('12340009','IS252','DT002IS252',2,2)
INSERT INTO  KETQUATHI
VALUES('12340009','IS252','DT002IS252',3,1)

INSERT INTO  KETQUATHI
VALUES('12340009','IS252','DT003IS252',1,4)
INSERT INTO  KETQUATHI
VALUES('12340009','IS252','DT003IS252',2,3)
INSERT INTO  KETQUATHI
VALUES('12340009','IS252','DT003IS252',3,2)

INSERT INTO  KETQUATHI
VALUES('12340009','IS252','DT004IS252',1,3)
INSERT INTO  KETQUATHI
VALUES('12340009','IS252','DT004IS252',2,2)
INSERT INTO  KETQUATHI
VALUES('12340009','IS252','DT004IS252',3,1)


INSERT INTO  KETQUATHI
VALUES('12340009','IE213','DT001IE213',1,5)

INSERT INTO  KETQUATHI
VALUES('12340009','IE213','DT002IE213',1,2)
INSERT INTO  KETQUATHI
VALUES('12340009','IE213','DT002IE213',2,2)
INSERT INTO  KETQUATHI
VALUES('12340009','IE213','DT002IE213',3,1)

INSERT INTO  KETQUATHI
VALUES('12340009','IE213','DT003IE213',1,3)
INSERT INTO  KETQUATHI
VALUES('12340009','IE213','DT003IE213',2,2)
INSERT INTO  KETQUATHI
VALUES('12340009','IE213','DT003IE213',3,2)


INSERT INTO  KETQUATHI
VALUES('12340009','IE213','DT004IE213',1,3)
INSERT INTO  KETQUATHI
VALUES('12340009','IE213','DT004IE213',2,2)
INSERT INTO  KETQUATHI
VALUES('12340009','IE213','DT004IE213',3,1)

-------------------------12340010-----------------------
INSERT INTO  KETQUATHI
VALUES('12340010','IE303','DT001IE303',1,10)

INSERT INTO  KETQUATHI
VALUES('12340010','IE303','DT002IE303',1,2)
INSERT INTO  KETQUATHI
VALUES('12340010','IE303','DT002IE303',2,2)
INSERT INTO  KETQUATHI
VALUES('12340010','IE303','DT002IE303',3,3)

INSERT INTO  KETQUATHI
VALUES('12340010','IE303','DT003IE303',1,3)
INSERT INTO  KETQUATHI
VALUES('12340010','IE303','DT003IE303',2,3)
INSERT INTO  KETQUATHI
VALUES('12340010','IE303','DT003IE303',3,3)

INSERT INTO  KETQUATHI
VALUES('12340010','IE303','DT004IE303',1,3)
INSERT INTO  KETQUATHI
VALUES('12340010','IE303','DT004IE303',2,3)
INSERT INTO  KETQUATHI
VALUES('12340010','IE303','DT004IE303',3,2)

-----------
INSERT INTO  KETQUATHI
VALUES('12340010','IE204','DT001IE204',1,5)

INSERT INTO  KETQUATHI
VALUES('12340010','IE204','DT002IE204',1,4)
INSERT INTO  KETQUATHI
VALUES('12340010','IE204','DT002IE204',2,2)
INSERT INTO  KETQUATHI
VALUES('12340010','IE204','DT002IE204',3,3)

INSERT INTO  KETQUATHI
VALUES('12340010','IE204','DT003IE204',1,3)
INSERT INTO  KETQUATHI
VALUES('12340010','IE204','DT003IE204',2,2)
INSERT INTO  KETQUATHI
VALUES('12340010','IE204','DT003IE204',3,2)

INSERT INTO  KETQUATHI
VALUES('12340010','IE204','DT004IE204',1,3)
INSERT INTO  KETQUATHI
VALUES('12340010','IE204','DT004IE204',2,2)
INSERT INTO  KETQUATHI
VALUES('12340010','IE204','DT004IE204',3,3)

---------------
INSERT INTO  KETQUATHI
VALUES('12340010','IS252','DT001IS252',1,5)

INSERT INTO  KETQUATHI
VALUES('12340010','IS252','DT002IS252',1,2)
INSERT INTO  KETQUATHI
VALUES('12340010','IS252','DT002IS252',2,2)
INSERT INTO  KETQUATHI
VALUES('12340010','IS252','DT002IS252',3,1)

INSERT INTO  KETQUATHI
VALUES('12340010','IS252','DT003IS252',1,4)
INSERT INTO  KETQUATHI
VALUES('12340010','IS252','DT003IS252',2,3)
INSERT INTO  KETQUATHI
VALUES('12340010','IS252','DT003IS252',3,3)

INSERT INTO  KETQUATHI
VALUES('12340010','IS252','DT004IS252',1,3)
INSERT INTO  KETQUATHI
VALUES('12340010','IS252','DT004IS252',2,2)
INSERT INTO  KETQUATHI
VALUES('12340010','IS252','DT004IS252',3,1)

--
INSERT INTO  KETQUATHI
VALUES('12340010','IE213','DT001IE213',1,5)

INSERT INTO  KETQUATHI
VALUES('12340010','IE213','DT002IE213',1,3)
INSERT INTO  KETQUATHI
VALUES('12340010','IE213','DT002IE213',2,2)
INSERT INTO  KETQUATHI
VALUES('12340010','IE213','DT002IE213',3,3)

INSERT INTO  KETQUATHI
VALUES('12340010','IE213','DT003IE213',1,3)
INSERT INTO  KETQUATHI
VALUES('12340010','IE213','DT003IE213',2,2)
INSERT INTO  KETQUATHI
VALUES('12340010','IE213','DT003IE213',3,2)

INSERT INTO  KETQUATHI
VALUES('12340010','IE213','DT004IE213',1,3)
INSERT INTO  KETQUATHI
VALUES('12340010','IE213','DT004IE213',2,2)
INSERT INTO  KETQUATHI
VALUES('12340010','IE213','DT004IE213',3,1)

--------------------12340011---------------------------
INSERT INTO  KETQUATHI
VALUES('12340011','DS300','DT001DS300',1,10)

INSERT INTO  KETQUATHI
VALUES('12340011','DS300','DT002DS300',1,2)
INSERT INTO  KETQUATHI
VALUES('12340011','DS300','DT002DS300',2,2)
INSERT INTO  KETQUATHI
VALUES('12340011','DS300','DT002DS300',3,1)

INSERT INTO  KETQUATHI
VALUES('12340011','DS300','DT003DS300',1,3)
INSERT INTO  KETQUATHI
VALUES('12340011','DS300','DT003DS300',2,2)
INSERT INTO  KETQUATHI
VALUES('12340011','DS300','DT003DS300',3,2)

INSERT INTO  KETQUATHI
VALUES('12340011','DS300','DT004DS300',1,3)
INSERT INTO  KETQUATHI
VALUES('12340011','DS300','DT004DS300',2,2)
INSERT INTO  KETQUATHI
VALUES('12340011','DS300','DT004DS300',3,1)

-----------
INSERT INTO  KETQUATHI
VALUES('12340011','DS102','DT001DS102',1,8)

INSERT INTO  KETQUATHI
VALUES('12340011','DS102','DT002DS102',1,2)
INSERT INTO  KETQUATHI
VALUES('12340011','DS102','DT002DS102',2,2)
INSERT INTO  KETQUATHI
VALUES('12340011','DS102','DT002DS102',3,1)

INSERT INTO  KETQUATHI
VALUES('12340011','DS102','DT003DS102',1,4)
INSERT INTO  KETQUATHI
VALUES('12340011','DS102','DT003DS102',2,2)
INSERT INTO  KETQUATHI
VALUES('12340011','DS102','DT003DS102',3,3)

INSERT INTO  KETQUATHI
VALUES('12340011','DS102','DT004DS102',1,3)
INSERT INTO  KETQUATHI
VALUES('12340011','DS102','DT004DS102',2,2)
INSERT INTO  KETQUATHI
VALUES('12340011','DS102','DT004DS102',3,2)

---------------
INSERT INTO  KETQUATHI
VALUES('12340011','DS201','DT001DS201',1,10)

INSERT INTO  KETQUATHI
VALUES('12340011','DS201','DT002DS201',1,2)
INSERT INTO  KETQUATHI
VALUES('12340011','DS201','DT002DS201',2,2)
INSERT INTO  KETQUATHI
VALUES('12340011','DS201','DT002DS201',3,1)

INSERT INTO  KETQUATHI
VALUES('12340011','DS201','DT003DS201',1,3)
INSERT INTO  KETQUATHI
VALUES('12340011','DS201','DT003DS201',2,2)
INSERT INTO  KETQUATHI
VALUES('12340011','DS201','DT003DS201',3,2)

INSERT INTO  KETQUATHI
VALUES('12340011','DS201','DT004DS201',1,3)
INSERT INTO  KETQUATHI
VALUES('12340011','DS201','DT004DS201',2,2)
INSERT INTO  KETQUATHI
VALUES('12340011','DS201','DT004DS201',3,2)

---
INSERT INTO  KETQUATHI
VALUES('12340011','DS200','DT001DS200',1,8)

INSERT INTO  KETQUATHI
VALUES('12340011','DS200','DT002DS200',1,2)
INSERT INTO  KETQUATHI
VALUES('12340011','DS200','DT002DS200',2,2)
INSERT INTO  KETQUATHI
VALUES('12340011','DS200','DT002DS200',3,1)

INSERT INTO  KETQUATHI
VALUES('12340011','DS200','DT003DS200',1,3)
INSERT INTO  KETQUATHI
VALUES('12340011','DS200','DT003DS200',2,2)
INSERT INTO  KETQUATHI
VALUES('12340011','DS200','DT003DS200',3,2)

INSERT INTO  KETQUATHI
VALUES('12340011','DS200','DT004DS200',1,3)
INSERT INTO  KETQUATHI
VALUES('12340011','DS200','DT004DS200',2,2)
INSERT INTO  KETQUATHI
VALUES('12340011','DS200','DT004DS200',3,1)

-----------------------12340012--------------------------
INSERT INTO  KETQUATHI
VALUES('12340012','DS300','DT001DS300',1,10)

INSERT INTO  KETQUATHI
VALUES('12340012','DS300','DT002DS300',1,4)
INSERT INTO  KETQUATHI
VALUES('12340012','DS300','DT002DS300',2,2)
INSERT INTO  KETQUATHI
VALUES('12340012','DS300','DT002DS300',3,2)

INSERT INTO  KETQUATHI
VALUES('12340012','DS300','DT003DS300',1,3)
INSERT INTO  KETQUATHI
VALUES('12340012','DS300','DT003DS300',2,2)
INSERT INTO  KETQUATHI
VALUES('12340012','DS300','DT003DS300',3,2)

INSERT INTO  KETQUATHI
VALUES('12340012','DS300','DT004DS300',1,3)
INSERT INTO  KETQUATHI
VALUES('12340012','DS300','DT004DS300',2,3)
INSERT INTO  KETQUATHI
VALUES('12340012','DS300','DT004DS300',3,3)

-----------
INSERT INTO  KETQUATHI
VALUES('12340012','DS102','DT001DS102',1,9)

INSERT INTO  KETQUATHI
VALUES('12340012','DS102','DT002DS102',1,4)
INSERT INTO  KETQUATHI
VALUES('12340012','DS102','DT002DS102',2,3)
INSERT INTO  KETQUATHI
VALUES('12340012','DS102','DT002DS102',3,1)

INSERT INTO  KETQUATHI
VALUES('12340012','DS102','DT003DS102',1,3)
INSERT INTO  KETQUATHI
VALUES('12340012','DS102','DT003DS102',2,2)
INSERT INTO  KETQUATHI
VALUES('12340012','DS102','DT003DS102',3,2)

INSERT INTO  KETQUATHI
VALUES('12340012','DS102','DT004DS102',1,3)
INSERT INTO  KETQUATHI
VALUES('12340012','DS102','DT004DS102',2,2)
INSERT INTO  KETQUATHI
VALUES('12340012','DS102','DT004DS102',3,2)

---------------
INSERT INTO  KETQUATHI
VALUES('12340012','DS201','DT001DS201',1,8)

INSERT INTO  KETQUATHI
VALUES('12340012','DS201','DT002DS201',1,2)
INSERT INTO  KETQUATHI
VALUES('12340012','DS201','DT002DS201',2,2)
INSERT INTO  KETQUATHI
VALUES('12340012','DS201','DT002DS201',3,3)

INSERT INTO  KETQUATHI
VALUES('12340012','DS201','DT003DS201',1,4)
INSERT INTO  KETQUATHI
VALUES('12340012','DS201','DT003DS201',2,2)
INSERT INTO  KETQUATHI
VALUES('12340012','DS201','DT003DS201',3,2)

INSERT INTO  KETQUATHI
VALUES('12340012','DS201','DT004DS201',1,3)
INSERT INTO  KETQUATHI
VALUES('12340012','DS201','DT004DS201',2,2)
INSERT INTO  KETQUATHI
VALUES('12340012','DS201','DT004DS201',3,3)

---
INSERT INTO  KETQUATHI
VALUES('12340012','DS200','DT001DS200',1,7)

INSERT INTO  KETQUATHI
VALUES('12340012','DS200','DT002DS200',1,4)
INSERT INTO  KETQUATHI
VALUES('12340012','DS200','DT002DS200',2,3)
INSERT INTO  KETQUATHI
VALUES('12340012','DS200','DT002DS200',3,2)

INSERT INTO  KETQUATHI
VALUES('12340012','DS200','DT003DS200',1,2)
INSERT INTO  KETQUATHI
VALUES('12340012','DS200','DT003DS200',2,3)
INSERT INTO  KETQUATHI
VALUES('12340012','DS200','DT003DS200',3,2)

INSERT INTO  KETQUATHI
VALUES('12340012','DS200','DT004DS200',1,3)
INSERT INTO  KETQUATHI
VALUES('12340012','DS200','DT004DS200',2,3)
INSERT INTO  KETQUATHI
VALUES('12340012','DS200','DT004DS200',3,2)

-----------------------12340013----------------------
INSERT INTO  KETQUATHI
VALUES('12340013','DS300','DT001DS300',1,5)

INSERT INTO  KETQUATHI
VALUES('12340013','DS300','DT002DS300',1,4)
INSERT INTO  KETQUATHI
VALUES('12340013','DS300','DT002DS300',2,2)
INSERT INTO  KETQUATHI
VALUES('12340013','DS300','DT002DS300',3,1)

INSERT INTO  KETQUATHI
VALUES('12340013','DS300','DT003DS300',1,3)
INSERT INTO  KETQUATHI
VALUES('12340013','DS300','DT003DS300',2,2)
INSERT INTO  KETQUATHI
VALUES('12340013','DS300','DT003DS300',3,2)

INSERT INTO  KETQUATHI
VALUES('12340013','DS300','DT004DS300',1,3)
INSERT INTO  KETQUATHI
VALUES('12340013','DS300','DT004DS300',2,2)
INSERT INTO  KETQUATHI
VALUES('12340013','DS300','DT004DS300',3,1)

-----------
INSERT INTO  KETQUATHI
VALUES('12340013','DS102','DT001DS102',1,9)

INSERT INTO  KETQUATHI
VALUES('12340013','DS102','DT002DS102',1,2)
INSERT INTO  KETQUATHI
VALUES('12340013','DS102','DT002DS102',2,2)
INSERT INTO  KETQUATHI
VALUES('12340013','DS102','DT002DS102',3,1)

INSERT INTO  KETQUATHI
VALUES('12340013','DS102','DT003DS102',1,3)
INSERT INTO  KETQUATHI
VALUES('12340013','DS102','DT003DS102',2,2)
INSERT INTO  KETQUATHI
VALUES('12340013','DS102','DT003DS102',3,2)

INSERT INTO  KETQUATHI
VALUES('12340013','DS102','DT004DS102',1,3)
INSERT INTO  KETQUATHI
VALUES('12340013','DS102','DT004DS102',2,2)
INSERT INTO  KETQUATHI
VALUES('12340013','DS102','DT004DS102',3,1)

---------------
INSERT INTO  KETQUATHI
VALUES('12340013','DS201','DT001DS201',1,5)

INSERT INTO  KETQUATHI
VALUES('12340013','DS201','DT002DS201',1,2)
INSERT INTO  KETQUATHI
VALUES('12340013','DS201','DT002DS201',2,2)
INSERT INTO  KETQUATHI
VALUES('12340013','DS201','DT002DS201',3,1)

INSERT INTO  KETQUATHI
VALUES('12340013','DS201','DT003DS201',1,3)
INSERT INTO  KETQUATHI
VALUES('12340013','DS201','DT003DS201',2,2)
INSERT INTO  KETQUATHI
VALUES('12340013','DS201','DT003DS201',3,2)

INSERT INTO  KETQUATHI
VALUES('12340013','DS201','DT004DS201',1,3)
INSERT INTO  KETQUATHI
VALUES('12340013','DS201','DT004DS201',2,3)
INSERT INTO  KETQUATHI
VALUES('12340013','DS201','DT004DS201',3,3)

----
INSERT INTO  KETQUATHI
VALUES('12340013','DS200','DT001DS200',1,9)

INSERT INTO  KETQUATHI
VALUES('12340013','DS200','DT002DS200',1,3)
INSERT INTO  KETQUATHI
VALUES('12340013','DS200','DT002DS200',2,2)
INSERT INTO  KETQUATHI
VALUES('12340013','DS200','DT002DS200',3,3)

INSERT INTO  KETQUATHI
VALUES('12340013','DS200','DT003DS200',1,3)
INSERT INTO  KETQUATHI
VALUES('12340013','DS200','DT003DS200',2,2)
INSERT INTO  KETQUATHI
VALUES('12340013','DS200','DT003DS200',3,2)

INSERT INTO  KETQUATHI
VALUES('12340013','DS200','DT004DS200',1,3)
INSERT INTO  KETQUATHI
VALUES('12340013','DS200','DT004DS200',2,2)
INSERT INTO  KETQUATHI
VALUES('12340013','DS200','DT004DS200',3,1)

------------------------12340014-----------------------
INSERT INTO  KETQUATHI
VALUES('12340014','DS300','DT001DS300',1,9)

INSERT INTO  KETQUATHI
VALUES('12340014','DS300','DT002DS300',1,2)
INSERT INTO  KETQUATHI
VALUES('12340014','DS300','DT002DS300',2,2)
INSERT INTO  KETQUATHI
VALUES('12340014','DS300','DT002DS300',3,1)

INSERT INTO  KETQUATHI
VALUES('12340014','DS300','DT003DS300',1,3)
INSERT INTO  KETQUATHI
VALUES('12340014','DS300','DT003DS300',2,2)
INSERT INTO  KETQUATHI
VALUES('12340014','DS300','DT003DS300',3,2)

INSERT INTO  KETQUATHI
VALUES('12340014','DS300','DT004DS300',1,3)
INSERT INTO  KETQUATHI
VALUES('12340014','DS300','DT004DS300',2,2)
INSERT INTO  KETQUATHI
VALUES('12340014','DS300','DT004DS300',3,1)

-----------
INSERT INTO  KETQUATHI
VALUES('12340014','DS102','DT001DS102',1,5)

INSERT INTO  KETQUATHI
VALUES('12340014','DS102','DT002DS102',1,2)
INSERT INTO  KETQUATHI
VALUES('12340014','DS102','DT002DS102',2,2)
INSERT INTO  KETQUATHI
VALUES('12340014','DS102','DT002DS102',3,1)

INSERT INTO  KETQUATHI
VALUES('12340014','DS102','DT003DS102',1,4)
INSERT INTO  KETQUATHI
VALUES('12340014','DS102','DT003DS102',2,2)
INSERT INTO  KETQUATHI
VALUES('12340014','DS102','DT003DS102',3,2)

INSERT INTO  KETQUATHI
VALUES('12340014','DS102','DT004DS102',1,3)
INSERT INTO  KETQUATHI
VALUES('12340014','DS102','DT004DS102',2,2)
INSERT INTO  KETQUATHI
VALUES('12340014','DS102','DT004DS102',3,3)

---------------
INSERT INTO  KETQUATHI
VALUES('12340014','DS201','DT001DS201',1,9)

INSERT INTO  KETQUATHI
VALUES('12340014','DS201','DT002DS201',1,2)
INSERT INTO  KETQUATHI
VALUES('12340014','DS201','DT002DS201',2,2)
INSERT INTO  KETQUATHI
VALUES('12340014','DS201','DT002DS201',3,1)

INSERT INTO  KETQUATHI
VALUES('12340014','DS201','DT003DS201',1,3)
INSERT INTO  KETQUATHI
VALUES('12340014','DS201','DT003DS201',2,2)
INSERT INTO  KETQUATHI
VALUES('12340014','DS201','DT003DS201',3,2)

INSERT INTO  KETQUATHI
VALUES('12340014','DS201','DT004DS201',1,3)
INSERT INTO  KETQUATHI
VALUES('12340014','DS201','DT004DS201',2,2)
INSERT INTO  KETQUATHI
VALUES('12340014','DS201','DT004DS201',3,1)

----
INSERT INTO  KETQUATHI
VALUES('12340014','DS200','DT001DS200',1,7)

INSERT INTO  KETQUATHI
VALUES('12340014','DS200','DT002DS200',1,2)
INSERT INTO  KETQUATHI
VALUES('12340014','DS200','DT002DS200',2,2)
INSERT INTO  KETQUATHI
VALUES('12340014','DS200','DT002DS200',3,1)

INSERT INTO  KETQUATHI
VALUES('12340014','DS200','DT003DS200',1,3)
INSERT INTO  KETQUATHI
VALUES('12340014','DS200','DT003DS200',2,2)
INSERT INTO  KETQUATHI
VALUES('12340014','DS200','DT003DS200',3,2)

INSERT INTO  KETQUATHI
VALUES('12340014','DS200','DT004DS200',1,3)
INSERT INTO  KETQUATHI
VALUES('12340014','DS200','DT004DS200',2,2)
INSERT INTO  KETQUATHI
VALUES('12340014','DS200','DT004DS200',3,2)

-----------------------12340015----------------------
INSERT INTO  KETQUATHI
VALUES('12340015','DS300','DT001DS300',1,7)

INSERT INTO  KETQUATHI
VALUES('12340015','DS300','DT002DS300',1,2)
INSERT INTO  KETQUATHI
VALUES('12340015','DS300','DT002DS300',2,2)
INSERT INTO  KETQUATHI
VALUES('12340015','DS300','DT002DS300',3,1)

INSERT INTO  KETQUATHI
VALUES('12340015','DS300','DT003DS300',1,3)
INSERT INTO  KETQUATHI
VALUES('12340015','DS300','DT003DS300',2,2)
INSERT INTO  KETQUATHI
VALUES('12340015','DS300','DT003DS300',3,2)

INSERT INTO  KETQUATHI
VALUES('12340015','DS300','DT004DS300',1,3)
INSERT INTO  KETQUATHI
VALUES('12340015','DS300','DT004DS300',2,2)
INSERT INTO  KETQUATHI
VALUES('12340015','DS300','DT004DS300',3,2)

-----------
INSERT INTO  KETQUATHI
VALUES('12340015','DS102','DT001DS102',1,5)

INSERT INTO  KETQUATHI
VALUES('12340015','DS102','DT002DS102',1,2)
INSERT INTO  KETQUATHI
VALUES('12340015','DS102','DT002DS102',2,2)
INSERT INTO  KETQUATHI
VALUES('12340015','DS102','DT002DS102',3,1)

INSERT INTO  KETQUATHI
VALUES('12340015','DS102','DT003DS102',1,3)
INSERT INTO  KETQUATHI
VALUES('12340015','DS102','DT003DS102',2,2)
INSERT INTO  KETQUATHI
VALUES('12340015','DS102','DT003DS102',3,2)

INSERT INTO  KETQUATHI
VALUES('12340015','DS102','DT004DS102',1,3)
INSERT INTO  KETQUATHI
VALUES('12340015','DS102','DT004DS102',2,2)
INSERT INTO  KETQUATHI
VALUES('12340015','DS102','DT004DS102',3,1)

---------------
INSERT INTO  KETQUATHI
VALUES('12340015','DS201','DT001DS201',1,6)

INSERT INTO  KETQUATHI
VALUES('12340015','DS201','DT002DS201',1,3)
INSERT INTO  KETQUATHI
VALUES('12340015','DS201','DT002DS201',2,2)
INSERT INTO  KETQUATHI
VALUES('12340015','DS201','DT002DS201',3,3)

INSERT INTO  KETQUATHI
VALUES('12340015','DS201','DT003DS201',1,3)
INSERT INTO  KETQUATHI
VALUES('12340015','DS201','DT003DS201',2,2)
INSERT INTO  KETQUATHI
VALUES('12340015','DS201','DT003DS201',3,2)

INSERT INTO  KETQUATHI
VALUES('12340015','DS201','DT004DS201',1,3)
INSERT INTO  KETQUATHI
VALUES('12340015','DS201','DT004DS201',2,2)
INSERT INTO  KETQUATHI
VALUES('12340015','DS201','DT004DS201',3,3)

-----
INSERT INTO  KETQUATHI
VALUES('12340015','DS200','DT001DS200',1,8)

INSERT INTO  KETQUATHI
VALUES('12340015','DS200','DT002DS200',1,3)
INSERT INTO  KETQUATHI
VALUES('12340015','DS200','DT002DS200',2,2)
INSERT INTO  KETQUATHI
VALUES('12340015','DS200','DT002DS200',3,3)

INSERT INTO  KETQUATHI
VALUES('12340015','DS200','DT003DS200',1,1)
INSERT INTO  KETQUATHI
VALUES('12340015','DS200','DT003DS200',2,2)
INSERT INTO  KETQUATHI
VALUES('12340015','DS200','DT003DS200',3,2)

INSERT INTO  KETQUATHI
VALUES('12340015','DS200','DT004DS200',1,3)
INSERT INTO  KETQUATHI
VALUES('12340015','DS200','DT004DS200',2,2)
INSERT INTO  KETQUATHI
VALUES('12340015','DS200','DT004DS200',3,1)


----------------------12340016----------------------------
INSERT INTO  KETQUATHI
VALUES('12340016','DS300','DT001DS300',1,5)

INSERT INTO  KETQUATHI
VALUES('12340016','DS300','DT002DS300',1,2)
INSERT INTO  KETQUATHI
VALUES('12340016','DS300','DT002DS300',2,2)
INSERT INTO  KETQUATHI
VALUES('12340016','DS300','DT002DS300',3,1)

INSERT INTO  KETQUATHI
VALUES('12340016','DS300','DT003IE303',1,3)
INSERT INTO  KETQUATHI
VALUES('12340016','DS300','DT003DS300',2,2)
INSERT INTO  KETQUATHI
VALUES('12340016','DS300','DT003DS300',3,3)

INSERT INTO  KETQUATHI
VALUES('12340016','DS300','DT004DS300',1,3)
INSERT INTO  KETQUATHI
VALUES('12340016','DS300','DT004DS300',2,2)
INSERT INTO  KETQUATHI
VALUES('12340016','DS300','DT004DS300',3,3)

-----------
INSERT INTO  KETQUATHI
VALUES('12340016','DS102','DT001DS102',1,8)

INSERT INTO  KETQUATHI
VALUES('12340016','DS102','DT002DS102',1,3)
INSERT INTO  KETQUATHI
VALUES('12340016','DS102','DT002DS102',2,3)
INSERT INTO  KETQUATHI
VALUES('12340016','DS102','DT002DS102',3,3)

INSERT INTO  KETQUATHI
VALUES('12340016','DS102','DT003DS102',1,3)
INSERT INTO  KETQUATHI
VALUES('12340016','DS102','DT003DS102',2,2)
INSERT INTO  KETQUATHI
VALUES('12340016','DS102','DT003DS102',3,2)

INSERT INTO  KETQUATHI
VALUES('12340016','DS102','DT004DS102',1,3)
INSERT INTO  KETQUATHI
VALUES('12340016','DS102','DT004DS102',2,2)
INSERT INTO  KETQUATHI
VALUES('12340016','DS102','DT004DS102',3,1)

---------------
INSERT INTO  KETQUATHI
VALUES('12340016','DS201','DT001DS201',1,5)

INSERT INTO  KETQUATHI
VALUES('12340016','DS201','DT002DS201',1,2)
INSERT INTO  KETQUATHI
VALUES('12340016','DS201','DT002DS201',2,2)
INSERT INTO  KETQUATHI
VALUES('12340016','DS201','DT002DS201',3,3)

INSERT INTO  KETQUATHI
VALUES('12340016','DS201','DT003DS201',1,3)
INSERT INTO  KETQUATHI
VALUES('12340016','DS201','DT003DS201',2,2)
INSERT INTO  KETQUATHI
VALUES('12340016','DS201','DT003DS201',3,2)

INSERT INTO  KETQUATHI
VALUES('12340016','DS201','DT004DS201',1,3)
INSERT INTO  KETQUATHI
VALUES('12340016','DS201','DT004DS201',2,3)
INSERT INTO  KETQUATHI
VALUES('12340016','DS201','DT004DS201',3,3)


INSERT INTO  KETQUATHI
VALUES('12340016','DS200','DT001DS200',1,8)

INSERT INTO  KETQUATHI
VALUES('12340016','DS200','DT002DS200',1,2)
INSERT INTO  KETQUATHI
VALUES('12340016','DS200','DT002DS200',2,2)
INSERT INTO  KETQUATHI
VALUES('12340016','DS200','DT002DS200',3,1)

INSERT INTO  KETQUATHI
VALUES('12340016','DS200','DT003DS200',1,3)
INSERT INTO  KETQUATHI
VALUES('12340016','DS200','DT003DS200',2,2)
INSERT INTO  KETQUATHI
VALUES('12340016','DS200','DT003DS200',3,2)


INSERT INTO  KETQUATHI
VALUES('12340016','DS200','DT004DS200',1,3)
INSERT INTO  KETQUATHI
VALUES('12340016','DS200','DT004DS200',2,2)
INSERT INTO  KETQUATHI
VALUES('12340016','DS200','DT004DS200',3,1)

-------------------12340017----------------------------
INSERT INTO  KETQUATHI
VALUES('12340017','DS300','DT001DS300',1,5)

INSERT INTO  KETQUATHI
VALUES('12340017','DS300','DT002DS300',1,2)
INSERT INTO  KETQUATHI
VALUES('12340017','DS300','DT002DS300',2,2)
INSERT INTO  KETQUATHI
VALUES('12340017','DS300','DT002DS300',3,3)

INSERT INTO  KETQUATHI
VALUES('12340017','DS300','DT003DS300',1,3)
INSERT INTO  KETQUATHI
VALUES('12340017','DS300','DT003DS300',2,2)
INSERT INTO  KETQUATHI
VALUES('12340017','DS300','DT003DS300',3,2)

INSERT INTO  KETQUATHI
VALUES('12340017','DS300','DT004DS300',1,3)
INSERT INTO  KETQUATHI
VALUES('12340017','DS300','DT004DS300',2,2)
INSERT INTO  KETQUATHI
VALUES('12340017','DS300','DT004DS300',3,1)

-----------
INSERT INTO  KETQUATHI
VALUES('12340017','DS102','DT001DS102',1,8)

INSERT INTO  KETQUATHI
VALUES('12340017','DS102','DT002DS102',1,2)
INSERT INTO  KETQUATHI
VALUES('12340017','DS102','DT002DS102',2,2)
INSERT INTO  KETQUATHI
VALUES('12340017','DS102','DT002DS102',3,1)

INSERT INTO  KETQUATHI
VALUES('12340017','DS102','DT003DS102',1,3)
INSERT INTO  KETQUATHI
VALUES('12340017','DS102','DT003DS102',2,2)
INSERT INTO  KETQUATHI
VALUES('12340017','DS102','DT003DS102',3,2)

INSERT INTO  KETQUATHI
VALUES('12340017','DS102','DT004DS102',1,3)
INSERT INTO  KETQUATHI
VALUES('12340017','DS102','DT004DS102',2,2)
INSERT INTO  KETQUATHI
VALUES('12340017','DS102','DT004DS102',3,1)

---------------
INSERT INTO  KETQUATHI
VALUES('12340017','DS201','DT001DS201',1,5)

INSERT INTO  KETQUATHI
VALUES('12340017','DS201','DT002DS201',1,2)
INSERT INTO  KETQUATHI
VALUES('12340017','DS201','DT002DS201',2,3)
INSERT INTO  KETQUATHI
VALUES('12340017','DS201','DT002DS201',3,3)

INSERT INTO  KETQUATHI
VALUES('12340017','DS201','DT003DS201',1,3)
INSERT INTO  KETQUATHI
VALUES('12340017','DS201','DT003DS201',2,2)
INSERT INTO  KETQUATHI
VALUES('12340017','DS201','DT003DS201',3,2)

INSERT INTO  KETQUATHI
VALUES('12340017','DS201','DT004DS201',1,3)
INSERT INTO  KETQUATHI
VALUES('12340017','DS201','DT004DS201',2,2)
INSERT INTO  KETQUATHI
VALUES('12340017','DS201','DT004DS201',3,1)

--
INSERT INTO  KETQUATHI
VALUES('12340017','DS200','DT001DS200',1,6)

INSERT INTO  KETQUATHI
VALUES('12340017','DS200','DT002DS200',1,2)
INSERT INTO  KETQUATHI
VALUES('12340017','DS200','DT002DS200',2,2)
INSERT INTO  KETQUATHI
VALUES('12340017','DS200','DT002DS200',3,1)

INSERT INTO  KETQUATHI
VALUES('12340017','DS200','DT003DS200',1,3)
INSERT INTO  KETQUATHI
VALUES('12340017','DS200','DT003DS200',2,2)
INSERT INTO  KETQUATHI
VALUES('12340017','DS200','DT003DS200',3,2)

INSERT INTO  KETQUATHI
VALUES('12340017','DS200','DT004DS200',1,3)
INSERT INTO  KETQUATHI
VALUES('12340017','DS200','DT004DS200',2,2)
INSERT INTO  KETQUATHI
VALUES('12340017','DS200','DT004DS200',3,1)


--------------------12340018---------------------------
INSERT INTO  KETQUATHI
VALUES('12340018','DS300','DT001DS300',1,10)

INSERT INTO  KETQUATHI
VALUES('12340018','DS300','DT002DS300',1,2)
INSERT INTO  KETQUATHI
VALUES('12340018','DS300','DT002DS300',2,2)
INSERT INTO  KETQUATHI
VALUES('12340018','DS300','DT002DS300',3,1)

INSERT INTO  KETQUATHI
VALUES('12340018','DS300','DT003DS300',1,3)
INSERT INTO  KETQUATHI
VALUES('12340018','DS300','DT003DS300',2,2)
INSERT INTO  KETQUATHI
VALUES('12340018','DS300','DT003DS300',3,2)

INSERT INTO  KETQUATHI
VALUES('12340018','DS300','DT004DS300',1,3)
INSERT INTO  KETQUATHI
VALUES('12340018','DS300','DT004DS300',2,2)
INSERT INTO  KETQUATHI
VALUES('12340018','DS300','DT004DS300',3,1)

-----------
INSERT INTO  KETQUATHI
VALUES('12340018','DS102','DT001DS102',1,8)

INSERT INTO  KETQUATHI
VALUES('12340018','DS102','DT002DS102',1,2)
INSERT INTO  KETQUATHI
VALUES('12340018','DS102','DT002DS102',2,2)
INSERT INTO  KETQUATHI
VALUES('12340018','DS102','DT002DS102',3,1)

INSERT INTO  KETQUATHI
VALUES('12340018','DS102','DT003DS102',1,4)
INSERT INTO  KETQUATHI
VALUES('12340018','DS102','DT003DS102',2,2)
INSERT INTO  KETQUATHI
VALUES('12340018','DS102','DT003DS102',3,3)

INSERT INTO  KETQUATHI
VALUES('12340018','DS102','DT004DS102',1,3)
INSERT INTO  KETQUATHI
VALUES('12340018','DS102','DT004DS102',2,2)
INSERT INTO  KETQUATHI
VALUES('12340018','DS102','DT004DS102',3,2)

---------------
INSERT INTO  KETQUATHI
VALUES('12340018','DS201','DT001DS201',1,10)

INSERT INTO  KETQUATHI
VALUES('12340018','DS201','DT002DS201',1,2)
INSERT INTO  KETQUATHI
VALUES('12340018','DS201','DT002DS201',2,2)
INSERT INTO  KETQUATHI
VALUES('12340018','DS201','DT002DS201',3,1)

INSERT INTO  KETQUATHI
VALUES('12340018','DS201','DT003DS201',1,3)
INSERT INTO  KETQUATHI
VALUES('12340018','DS201','DT003DS201',2,2)
INSERT INTO  KETQUATHI
VALUES('12340018','DS201','DT003DS201',3,2)

INSERT INTO  KETQUATHI
VALUES('12340018','DS201','DT004DS201',1,3)
INSERT INTO  KETQUATHI
VALUES('12340018','DS201','DT004DS201',2,2)
INSERT INTO  KETQUATHI
VALUES('12340018','DS201','DT004DS201',3,2)

---
INSERT INTO  KETQUATHI
VALUES('12340018','DS200','DT001DS200',1,8)

INSERT INTO  KETQUATHI
VALUES('12340018','DS200','DT002DS200',1,2)
INSERT INTO  KETQUATHI
VALUES('12340018','DS200','DT002DS200',2,2)
INSERT INTO  KETQUATHI
VALUES('12340018','DS200','DT002DS200',3,1)

INSERT INTO  KETQUATHI
VALUES('12340018','DS200','DT003DS200',1,3)
INSERT INTO  KETQUATHI
VALUES('12340018','DS200','DT003DS200',2,2)
INSERT INTO  KETQUATHI
VALUES('12340018','DS200','DT003DS200',3,2)

INSERT INTO  KETQUATHI
VALUES('12340018','DS200','DT004DS200',1,3)
INSERT INTO  KETQUATHI
VALUES('12340018','DS200','DT004DS200',2,2)
INSERT INTO  KETQUATHI
VALUES('12340018','DS200','DT004DS200',3,1)

---------------------12340019----------------------------
INSERT INTO  KETQUATHI
VALUES('12340019','DS300','DT001DS300',1,5)

INSERT INTO  KETQUATHI
VALUES('12340019','DS300','DT002DS300',1,4)
INSERT INTO  KETQUATHI
VALUES('12340019','DS300','DT002DS300',2,2)
INSERT INTO  KETQUATHI
VALUES('12340019','DS300','DT002DS300',3,2)

INSERT INTO  KETQUATHI
VALUES('12340019','DS300','DT003DS300',1,3)
INSERT INTO  KETQUATHI
VALUES('12340019','DS300','DT003DS300',2,2)
INSERT INTO  KETQUATHI
VALUES('12340019','DS300','DT003DS300',3,2)

INSERT INTO  KETQUATHI
VALUES('12340019','DS300','DT004DS300',1,3)
INSERT INTO  KETQUATHI
VALUES('12340019','DS300','DT004DS300',2,2)
INSERT INTO  KETQUATHI
VALUES('12340019','DS300','DT004DS300',3,1)

-----------
INSERT INTO  KETQUATHI
VALUES('12340019','DS102','DT001DS102',1,5)

INSERT INTO  KETQUATHI
VALUES('12340019','DS102','DT002DS102',1,2)
INSERT INTO  KETQUATHI
VALUES('12340019','DS102','DT002DS102',2,2)
INSERT INTO  KETQUATHI
VALUES('12340019','DS102','DT002DS102',3,3)

INSERT INTO  KETQUATHI
VALUES('12340019','DS102','DT003DS102',1,3)
INSERT INTO  KETQUATHI
VALUES('12340019','DS102','DT003DS102',2,2)
INSERT INTO  KETQUATHI
VALUES('12340019','DS102','DT003DS102',3,2)

INSERT INTO  KETQUATHI
VALUES('12340019','DS102','DT004DS102',1,3)
INSERT INTO  KETQUATHI
VALUES('12340019','DS102','DT004DS102',2,2)
INSERT INTO  KETQUATHI
VALUES('12340019','DS102','DT004DS102',3,3)

---------------
INSERT INTO  KETQUATHI
VALUES('12340019','DS201','DT001DS201',1,9)

INSERT INTO  KETQUATHI
VALUES('12340019','DS201','DT002DS201',1,2)
INSERT INTO  KETQUATHI
VALUES('12340019','DS201','DT002DS201',2,2)
INSERT INTO  KETQUATHI
VALUES('12340019','DS201','DT002DS201',3,1)

INSERT INTO  KETQUATHI
VALUES('12340019','DS201','DT003DS201',1,4)
INSERT INTO  KETQUATHI
VALUES('12340019','DS201','DT003DS201',2,3)
INSERT INTO  KETQUATHI
VALUES('12340019','DS201','DT003DS201',3,2)

INSERT INTO  KETQUATHI
VALUES('12340019','DS201','DT004DS201',1,3)
INSERT INTO  KETQUATHI
VALUES('12340019','DS201','DT004DS201',2,2)
INSERT INTO  KETQUATHI
VALUES('12340019','DS201','DT004DS201',3,1)


INSERT INTO  KETQUATHI
VALUES('12340019','DS200','DT001DS200',1,5)

INSERT INTO  KETQUATHI
VALUES('12340019','DS200','DT002DS200',1,2)
INSERT INTO  KETQUATHI
VALUES('12340019','DS200','DT002DS200',2,2)
INSERT INTO  KETQUATHI
VALUES('12340019','DS200','DT002DS200',3,1)

INSERT INTO  KETQUATHI
VALUES('12340019','DS200','DT003DS200',1,3)
INSERT INTO  KETQUATHI
VALUES('12340019','DS200','DT003DS200',2,2)
INSERT INTO  KETQUATHI
VALUES('12340019','DS200','DT003DS200',3,2)


INSERT INTO  KETQUATHI
VALUES('12340019','DS200','DT004DS200',1,3)
INSERT INTO  KETQUATHI
VALUES('12340019','DS200','DT004DS200',2,2)
INSERT INTO  KETQUATHI
VALUES('12340019','DS200','DT004DS200',3,1)

-------------------------12340020-----------------------
INSERT INTO  KETQUATHI
VALUES('12340020','DS300','DT001DS300',1,10)

INSERT INTO  KETQUATHI
VALUES('12340020','DS300','DT002DS300',1,2)
INSERT INTO  KETQUATHI
VALUES('12340020','DS300','DT002DS300',2,2)
INSERT INTO  KETQUATHI
VALUES('12340020','DS300','DT002DS300',3,3)

INSERT INTO  KETQUATHI
VALUES('12340020','DS300','DT003DS300',1,3)
INSERT INTO  KETQUATHI
VALUES('12340020','DS300','DT003DS300',2,3)
INSERT INTO  KETQUATHI
VALUES('12340020','DS300','DT003DS300',3,3)

INSERT INTO  KETQUATHI
VALUES('12340020','DS300','DT004DS300',1,3)
INSERT INTO  KETQUATHI
VALUES('12340020','DS300','DT004DS300',2,3)
INSERT INTO  KETQUATHI
VALUES('12340020','DS300','DT004DS300',3,2)

-----------
INSERT INTO  KETQUATHI
VALUES('12340020','DS102','DT001DS102',1,5)

INSERT INTO  KETQUATHI
VALUES('12340020','DS102','DT002DS102',1,4)
INSERT INTO  KETQUATHI
VALUES('12340020','DS102','DT002DS102',2,2)
INSERT INTO  KETQUATHI
VALUES('12340020','DS102','DT002DS102',3,3)

INSERT INTO  KETQUATHI
VALUES('12340020','DS102','DT003DS102',1,3)
INSERT INTO  KETQUATHI
VALUES('12340020','DS102','DT003DS102',2,2)
INSERT INTO  KETQUATHI
VALUES('12340020','DS102','DT003DS102',3,2)

INSERT INTO  KETQUATHI
VALUES('12340020','DS102','DT004DS102',1,3)
INSERT INTO  KETQUATHI
VALUES('12340020','DS102','DT004DS102',2,2)
INSERT INTO  KETQUATHI
VALUES('12340020','DS102','DT004DS102',3,3)

---------------
INSERT INTO  KETQUATHI
VALUES('12340020','DS201','DT001DS201',1,5)

INSERT INTO  KETQUATHI
VALUES('12340020','DS201','DT002DS201',1,2)
INSERT INTO  KETQUATHI
VALUES('12340020','DS201','DT002DS201',2,2)
INSERT INTO  KETQUATHI
VALUES('12340020','DS201','DT002DS201',3,1)

INSERT INTO  KETQUATHI
VALUES('12340020','DS201','DT003DS201',1,4)
INSERT INTO  KETQUATHI
VALUES('12340020','DS201','DT003DS201',2,3)
INSERT INTO  KETQUATHI
VALUES('12340020','DS201','DT003DS201',3,3)

INSERT INTO  KETQUATHI
VALUES('12340020','DS201','DT004DS201',1,3)
INSERT INTO  KETQUATHI
VALUES('12340020','DS201','DT004DS201',2,2)
INSERT INTO  KETQUATHI
VALUES('12340020','DS201','DT004DS201',3,1)

--
INSERT INTO  KETQUATHI
VALUES('12340020','DS200','DT001DS200',1,5)

INSERT INTO  KETQUATHI
VALUES('12340020','DS200','DT002DS200',1,3)
INSERT INTO  KETQUATHI
VALUES('12340020','DS200','DT002DS200',2,2)
INSERT INTO  KETQUATHI
VALUES('12340020','DS200','DT002DS200',3,3)

INSERT INTO  KETQUATHI
VALUES('12340020','DS200','DT003DS200',1,3)
INSERT INTO  KETQUATHI
VALUES('12340020','DS200','DT003DS200',2,2)
INSERT INTO  KETQUATHI
VALUES('12340020','DS200','DT003DS200',3,2)

INSERT INTO  KETQUATHI
VALUES('12340020','DS200','DT004DS200',1,3)
INSERT INTO  KETQUATHI
VALUES('12340020','DS200','DT004DS200',2,2)
INSERT INTO  KETQUATHI
VALUES('12340020','DS200','DT004DS200',3,1)



----INSERT SINHVIEN_MONHOC
INSERT INTO  SINHVIEN_MONHOC
VALUES('12340001','IE303.I32',8,5,7,6)
INSERT INTO  SINHVIEN_MONHOC
VALUES('12340001','IE204.I32',8,6,7,6)
INSERT INTO  SINHVIEN_MONHOC
VALUES('12340001','IS252.I32',7,5,7,6)
INSERT INTO  SINHVIEN_MONHOC
VALUES('12340001','IE213.I32',8,5,9,9)

INSERT INTO  SINHVIEN_MONHOC
VALUES('12340002','IE303.I32',7,5,7,7)
INSERT INTO  SINHVIEN_MONHOC
VALUES('12340002','IE204.I32',8,5,7,9)
INSERT INTO  SINHVIEN_MONHOC
VALUES('12340002','IS252.I32',5,6,7,6)
INSERT INTO  SINHVIEN_MONHOC
VALUES('12340002','IE213.I32',5,8,7,6)

INSERT INTO  SINHVIEN_MONHOC
VALUES('12340003','IE303.I32',8,5,7,8)
INSERT INTO  SINHVIEN_MONHOC
VALUES('12340003','IE204.I32',5,4,7,8)
INSERT INTO  SINHVIEN_MONHOC
VALUES('12340003','IS252.I32',9,5,9,6)
INSERT INTO  SINHVIEN_MONHOC
VALUES('12340003','IE213.I32',5,5,8,8)

INSERT INTO  SINHVIEN_MONHOC
VALUES('12340004','IE303.I32',5,3,8,6)
INSERT INTO  SINHVIEN_MONHOC
VALUES('12340004','IE204.I32',7,5,7,7)
INSERT INTO  SINHVIEN_MONHOC
VALUES('12340004','IS252.I32',8,5,8,6)
INSERT INTO  SINHVIEN_MONHOC
VALUES('12340004','IE213.I32',5,8,7,7)

INSERT INTO  SINHVIEN_MONHOC
VALUES('12340005','IE303.I32',5,7,6,8)
INSERT INTO  SINHVIEN_MONHOC
VALUES('12340005','IE204.I32',4,5,7,9)
INSERT INTO  SINHVIEN_MONHOC
VALUES('12340005','IS252.I32',5,9,7,8)
INSERT INTO  SINHVIEN_MONHOC
VALUES('12340005','IE213.I32',6,5,7,6)

INSERT INTO  SINHVIEN_MONHOC
VALUES('12340006','IE303.I32',5,6,7,7)
INSERT INTO  SINHVIEN_MONHOC
VALUES('12340006','IE204.I32',5,7,8,6)
INSERT INTO  SINHVIEN_MONHOC
VALUES('12340006','IS252.I32',5,8,6,5)
INSERT INTO  SINHVIEN_MONHOC
VALUES('12340006','IE213.I32',6,5,7,6)

INSERT INTO  SINHVIEN_MONHOC
VALUES('12340007','IE303.I32',5,5,8,8)
INSERT INTO  SINHVIEN_MONHOC
VALUES('12340007','IE204.I32',8,9,7,6)
INSERT INTO  SINHVIEN_MONHOC
VALUES('12340007','IS252.I32',5,7,7,9)
INSERT INTO  SINHVIEN_MONHOC
VALUES('12340007','IE213.I32',8,5,7,6)

INSERT INTO  SINHVIEN_MONHOC
VALUES('12340008','IE303.I32',5,7,7,6)
INSERT INTO  SINHVIEN_MONHOC
VALUES('12340008','IE204.I32',8,5,7,6)
INSERT INTO  SINHVIEN_MONHOC
VALUES('12340008','IS252.I32',5,8,7,6)
INSERT INTO  SINHVIEN_MONHOC
VALUES('12340008','IE213.I32',6,5,7,6)

INSERT INTO  SINHVIEN_MONHOC
VALUES('12340009','IE303.I32',5,8,7,6)
INSERT INTO  SINHVIEN_MONHOC
VALUES('12340009','IE204.I32',5,7,7,8)
INSERT INTO  SINHVIEN_MONHOC
VALUES('12340009','IS252.I32',9,5,9,6)
INSERT INTO  SINHVIEN_MONHOC
VALUES('12340009','IE213.I32',5,5,7,6)

INSERT INTO  SINHVIEN_MONHOC
VALUES('12340010','IE303.I32',10,7,9,8)
INSERT INTO  SINHVIEN_MONHOC
VALUES('12340010','IE204.I32',5,9,7,8)
INSERT INTO  SINHVIEN_MONHOC
VALUES('12340010','IS252.I32',5,5,10,6)
INSERT INTO  SINHVIEN_MONHOC
VALUES('12340010','IE213.I32',5,8,7,6)

INSERT INTO  SINHVIEN_MONHOC
VALUES('12340011','DS300.I32',10,5,7,6)
INSERT INTO  SINHVIEN_MONHOC
VALUES('12340011','DS102.I32',8,5,9,7)
INSERT INTO  SINHVIEN_MONHOC
VALUES('12340011','DS201.I32',10,5,7,7)
INSERT INTO  SINHVIEN_MONHOC
VALUES('12340011','DS200.I32',8,5,7,6)

INSERT INTO  SINHVIEN_MONHOC
VALUES('12340012','DS300.I32',10,8,7,9)
INSERT INTO  SINHVIEN_MONHOC
VALUES('12340012','DS102.I32',9,8,7,7)
INSERT INTO  SINHVIEN_MONHOC
VALUES('12340012','DS201.I32',8,7,8,8)
INSERT INTO  SINHVIEN_MONHOC
VALUES('12340012','DS200.I32',7,9,7,8)

INSERT INTO  SINHVIEN_MONHOC
VALUES('12340013','DS300.I32',5,7,7,6)
INSERT INTO  SINHVIEN_MONHOC
VALUES('12340013','DS102.I32',9,5,7,6)
INSERT INTO  SINHVIEN_MONHOC
VALUES('12340013','DS201.I32',5,5,7,9)
INSERT INTO  SINHVIEN_MONHOC
VALUES('12340013','DS200.I32',9,8,7,6)

INSERT INTO  SINHVIEN_MONHOC
VALUES('12340014','DS300.I32',9,5,7,6)
INSERT INTO  SINHVIEN_MONHOC
VALUES('12340014','DS102.I32',5,5,8,8)
INSERT INTO  SINHVIEN_MONHOC
VALUES('12340014','DS201.I32',9,5,7,6)
INSERT INTO  SINHVIEN_MONHOC
VALUES('12340014','DS200.I32',7,5,7,7)

INSERT INTO  SINHVIEN_MONHOC
VALUES('12340015','DS300.I32',5,5,7,7)
INSERT INTO  SINHVIEN_MONHOC
VALUES('12340015','DS102.I32',6,5,7,6)
INSERT INTO  SINHVIEN_MONHOC
VALUES('12340015','DS201.I32',5,8,7,8)
INSERT INTO  SINHVIEN_MONHOC
VALUES('12340015','DS200.I32',8,8,5,6)

INSERT INTO  SINHVIEN_MONHOC
VALUES('12340016','DS300.I32',5,5,8,8)
INSERT INTO  SINHVIEN_MONHOC
VALUES('12340016','DS102.I32',8,9,7,6)
INSERT INTO  SINHVIEN_MONHOC
VALUES('12340016','DS201.I32',5,7,7,9)
INSERT INTO  SINHVIEN_MONHOC
VALUES('12340016','DS200.I32',8,5,7,6)

INSERT INTO  SINHVIEN_MONHOC
VALUES('12340017','DS300.I32',5,7,7,6)
INSERT INTO  SINHVIEN_MONHOC
VALUES('12340017','DS102.I32',8,5,7,6)
INSERT INTO  SINHVIEN_MONHOC
VALUES('12340017','DS201.I32',5,8,7,6)
INSERT INTO  SINHVIEN_MONHOC
VALUES('12340017','DS200.I32',6,5,7,6)

INSERT INTO  SINHVIEN_MONHOC
VALUES('12340018','DS300.I32',10,5,7,6)
INSERT INTO  SINHVIEN_MONHOC
VALUES('12340018','DS102.I32',8,5,9,7)
INSERT INTO  SINHVIEN_MONHOC
VALUES('12340018','DS201.I32',10,5,7,7)
INSERT INTO  SINHVIEN_MONHOC
VALUES('12340018','DS200.I32',8,5,7,6)

INSERT INTO  SINHVIEN_MONHOC
VALUES('12340019','DS300.I32',5,8,7,6)
INSERT INTO  SINHVIEN_MONHOC
VALUES('12340019','DS102.I32',5,7,7,8)
INSERT INTO  SINHVIEN_MONHOC
VALUES('12340019','DS201.I32',9,5,9,6)
INSERT INTO  SINHVIEN_MONHOC
VALUES('12340019','DS200.I32',5,5,7,6)

INSERT INTO  SINHVIEN_MONHOC
VALUES('12340020','DS300.I32',10,7,9,8)
INSERT INTO  SINHVIEN_MONHOC
VALUES('12340020','DS102.I32',5,9,7,8)
INSERT INTO  SINHVIEN_MONHOC
VALUES('12340020','DS201.I32',5,5,10,6)
INSERT INTO  SINHVIEN_MONHOC
VALUES('12340020','DS200.I32',5,8,7,6)

--UPDATE
UPDATE DETHI
SET LOAI ='GIUA KI'
WHERE LOAI = 'GIUA KI	';

UPDATE KETQUATHI SET DIEM = 4 WHERE MSSV = 12340001 AND MAMH = 'IE213' AND MADT = 'DT003IE213' AND CAU = 1
UPDATE KETQUATHI SET DIEM = 2 WHERE MSSV = 12340001 AND MAMH = 'IE213' AND MADT = 'DT003IE213' AND CAU = 3 
UPDATE KETQUATHI SET DIEM = 3 WHERE MSSV = 12340001 AND MAMH = 'IE213' AND MADT = 'DT004IE213' AND CAU = 2
UPDATE KETQUATHI SET DIEM = 2 WHERE MSSV = 12340001 AND MAMH = 'IE213' AND MADT = 'DT004IE213' AND CAU = 3

UPDATE KETQUATHI SET DIEM = 3 WHERE MSSV = 12340002 AND MAMH = 'IE204' AND MADT = 'DT003IE204' AND CAU = 1
UPDATE KETQUATHI SET DIEM = 2 WHERE MSSV = 12340002 AND MAMH = 'IE204' AND MADT = 'DT003IE204' AND CAU = 3
UPDATE KETQUATHI SET DIEM = 4 WHERE MSSV = 12340002 AND MAMH = 'IE204' AND MADT = 'DT004IE204' AND CAU = 1
UPDATE KETQUATHI SET DIEM = 2 WHERE MSSV = 12340002 AND MAMH = 'IE204' AND MADT = 'DT004IE204' AND CAU = 3
UPDATE KETQUATHI SET DIEM = 3 WHERE MSSV = 12340002 AND MAMH = 'IE213' AND MADT = 'DT002IE213' AND CAU = 2
UPDATE KETQUATHI SET DIEM = 2 WHERE MSSV = 12340002 AND MAMH = 'IE213' AND MADT = 'DT002IE213' AND CAU = 3

UPDATE KETQUATHI SET DIEM = 3 WHERE MSSV = 12340003 AND MAMH = 'IE303' AND MADT = 'DT004IE303' AND CAU = 2
UPDATE KETQUATHI SET DIEM = 2 WHERE MSSV = 12340003 AND MAMH = 'IE303' AND MADT = 'DT004IE303' AND CAU = 3
UPDATE KETQUATHI SET DIEM = 4 WHERE MSSV = 12340003 AND MAMH = 'IE204' AND MADT = 'DT004IE204' AND CAU = 1
UPDATE KETQUATHI SET DIEM = 2 WHERE MSSV = 12340003 AND MAMH = 'IE204' AND MADT = 'DT004IE204' AND CAU = 3

UPDATE KETQUATHI SET DIEM = 4 WHERE MSSV = 12340004 AND MAMH = 'IE213' AND MADT = 'DT002IE213' AND CAU = 1
UPDATE KETQUATHI SET DIEM = 2 WHERE MSSV = 12340004 AND MAMH = 'IE213' AND MADT = 'DT002IE213' AND CAU = 3

UPDATE KETQUATHI SET DIEM = 3 WHERE MSSV = 12340005 AND MAMH = 'IE303' AND MADT = 'DT002IE303' AND CAU = 1
UPDATE KETQUATHI SET DIEM = 2 WHERE MSSV = 12340005 AND MAMH = 'IE303' AND MADT = 'DT002IE303' AND CAU = 3
UPDATE KETQUATHI SET DIEM = 3 WHERE MSSV = 12340005 AND MAMH = 'IE303' AND MADT = 'DT004IE303' AND CAU = 2
UPDATE KETQUATHI SET DIEM = 2 WHERE MSSV = 12340005 AND MAMH = 'IE303' AND MADT = 'DT004IE303' AND CAU = 3
UPDATE KETQUATHI SET DIEM = 3 WHERE MSSV = 12340005 AND MAMH = 'IE204' AND MADT = 'DT004IE204' AND CAU = 2
UPDATE KETQUATHI SET DIEM = 2 WHERE MSSV = 12340005 AND MAMH = 'IE204' AND MADT = 'DT004IE204' AND CAU = 3
UPDATE KETQUATHI SET DIEM = 3 WHERE MSSV = 12340005 AND MAMH = 'IS252' AND MADT = 'DT004IS252' AND CAU = 2
UPDATE KETQUATHI SET DIEM = 2 WHERE MSSV = 12340005 AND MAMH = 'IS252' AND MADT = 'DT004IS252' AND CAU = 3

UPDATE KETQUATHI SET DIEM = 3 WHERE MSSV = 12340006 AND MAMH = 'IS252' AND MADT = 'DT002IS252' AND CAU = 1
UPDATE KETQUATHI SET DIEM = 2 WHERE MSSV = 12340006 AND MAMH = 'IS252' AND MADT = 'DT002IS252' AND CAU = 3

UPDATE KETQUATHI SET DIEM = 4 WHERE MSSV = 12340007 AND MAMH = 'IE303' AND MADT = 'DT003IE303' AND CAU = 1
UPDATE KETQUATHI SET DIEM = 2 WHERE MSSV = 12340007 AND MAMH = 'IE303' AND MADT = 'DT003IE303' AND CAU = 3
UPDATE KETQUATHI SET DIEM = 4 WHERE MSSV = 12340007 AND MAMH = 'IE303' AND MADT = 'DT004IE303' AND CAU = 1
UPDATE KETQUATHI SET DIEM = 2 WHERE MSSV = 12340007 AND MAMH = 'IE303' AND MADT = 'DT004IE303' AND CAU = 3
UPDATE KETQUATHI SET DIEM = 4 WHERE MSSV = 12340007 AND MAMH = 'IE204' AND MADT = 'DT002IE204' AND CAU = 1
UPDATE KETQUATHI SET DIEM = 2 WHERE MSSV = 12340007 AND MAMH = 'IE204' AND MADT = 'DT002IE204' AND CAU = 3
UPDATE KETQUATHI SET DIEM = 3 WHERE MSSV = 12340007 AND MAMH = 'IS252' AND MADT = 'DT002IS252' AND CAU = 1
UPDATE KETQUATHI SET DIEM = 2 WHERE MSSV = 12340007 AND MAMH = 'IS252' AND MADT = 'DT002IS252' AND CAU = 3
UPDATE KETQUATHI SET DIEM = 4 WHERE MSSV = 12340007 AND MAMH = 'IS252' AND MADT = 'DT004IS252' AND CAU = 1
UPDATE KETQUATHI SET DIEM = 2 WHERE MSSV = 12340007 AND MAMH = 'IS252' AND MADT = 'DT004IS252' AND CAU = 3

UPDATE KETQUATHI SET DIEM = 3 WHERE MSSV = 12340008 AND MAMH = 'IE303' AND MADT = 'DT002IE303' AND CAU = 1
UPDATE KETQUATHI SET DIEM = 2 WHERE MSSV = 12340008 AND MAMH = 'IE303' AND MADT = 'DT002IE303' AND CAU = 3
UPDATE KETQUATHI SET DIEM = 3 WHERE MSSV = 12340008 AND MAMH = 'IS252' AND MADT = 'DT002IS252' AND CAU = 1
UPDATE KETQUATHI SET DIEM = 2 WHERE MSSV = 12340008 AND MAMH = 'IS252' AND MADT = 'DT002IS252' AND CAU = 3

UPDATE KETQUATHI SET DIEM = 3 WHERE MSSV = 12340009 AND MAMH = 'IE204' AND MADT = 'DT002IE204' AND CAU = 1
UPDATE KETQUATHI SET DIEM = 2 WHERE MSSV = 12340009 AND MAMH = 'IE204' AND MADT = 'DT002IE204' AND CAU = 3
UPDATE KETQUATHI SET DIEM = 4 WHERE MSSV = 12340009 AND MAMH = 'IE204' AND MADT = 'DT004IE204' AND CAU = 1
UPDATE KETQUATHI SET DIEM = 2 WHERE MSSV = 12340009 AND MAMH = 'IE204' AND MADT = 'DT004IE204' AND CAU = 3

UPDATE KETQUATHI SET DIEM = 3 WHERE MSSV = 12340010 AND MAMH = 'IE303' AND MADT = 'DT002IE303' AND CAU = 1
UPDATE KETQUATHI SET DIEM = 2 WHERE MSSV = 12340010 AND MAMH = 'IE303' AND MADT = 'DT002IE303' AND CAU = 3
UPDATE KETQUATHI SET DIEM = 4 WHERE MSSV = 12340010 AND MAMH = 'IE303' AND MADT = 'DT003IE303' AND CAU = 1
UPDATE KETQUATHI SET DIEM = 2 WHERE MSSV = 12340010 AND MAMH = 'IE303' AND MADT = 'DT003IE303' AND CAU = 3
UPDATE KETQUATHI SET DIEM = 3 WHERE MSSV = 12340010 AND MAMH = 'IE204' AND MADT = 'DT002IE204' AND CAU = 2
UPDATE KETQUATHI SET DIEM = 2 WHERE MSSV = 12340010 AND MAMH = 'IE204' AND MADT = 'DT002IE204' AND CAU = 3
UPDATE KETQUATHI SET DIEM = 4 WHERE MSSV = 12340010 AND MAMH = 'IE204' AND MADT = 'DT004IE204' AND CAU = 1
UPDATE KETQUATHI SET DIEM = 2 WHERE MSSV = 12340010 AND MAMH = 'IE204' AND MADT = 'DT004IE204' AND CAU = 3
UPDATE KETQUATHI SET DIEM = 4 WHERE MSSV = 12340010 AND MAMH = 'IS252' AND MADT = 'DT003IS252' AND CAU = 2
UPDATE KETQUATHI SET DIEM = 2 WHERE MSSV = 12340010 AND MAMH = 'IS252' AND MADT = 'DT003IS252' AND CAU = 3
UPDATE KETQUATHI SET DIEM = 4 WHERE MSSV = 12340010 AND MAMH = 'IE213' AND MADT = 'DT002IE213' AND CAU = 1
UPDATE KETQUATHI SET DIEM = 2 WHERE MSSV = 12340010 AND MAMH = 'IE213' AND MADT = 'DT002IE213' AND CAU = 3

UPDATE KETQUATHI SET DIEM = 3 WHERE MSSV = 12340011 AND MAMH = 'DS102' AND MADT = 'DT003DS102' AND CAU = 2
UPDATE KETQUATHI SET DIEM = 2 WHERE MSSV = 12340011 AND MAMH = 'DS102' AND MADT = 'DT003DS102' AND CAU = 3

UPDATE KETQUATHI SET DIEM = 4 WHERE MSSV = 12340012 AND MAMH = 'DS300' AND MADT = 'DT004DS300' AND CAU = 2
UPDATE KETQUATHI SET DIEM = 2 WHERE MSSV = 12340012 AND MAMH = 'DS300' AND MADT = 'DT004DS300' AND CAU = 3
UPDATE KETQUATHI SET DIEM = 3 WHERE MSSV = 12340012 AND MAMH = 'DS201' AND MADT = 'DT002DS201' AND CAU = 2
UPDATE KETQUATHI SET DIEM = 2 WHERE MSSV = 12340012 AND MAMH = 'DS201' AND MADT = 'DT002DS201' AND CAU = 3
UPDATE KETQUATHI SET DIEM = 3 WHERE MSSV = 12340012 AND MAMH = 'DS201' AND MADT = 'DT004DS201' AND CAU = 2
UPDATE KETQUATHI SET DIEM = 2 WHERE MSSV = 12340012 AND MAMH = 'DS201' AND MADT = 'DT004DS201' AND CAU = 3

UPDATE KETQUATHI SET DIEM = 4 WHERE MSSV = 12340013 AND MAMH = 'DS201' AND MADT = 'DT004DS201' AND CAU = 2
UPDATE KETQUATHI SET DIEM = 2 WHERE MSSV = 12340013 AND MAMH = 'DS201' AND MADT = 'DT004DS201' AND CAU = 3
UPDATE KETQUATHI SET DIEM = 3 WHERE MSSV = 12340013 AND MAMH = 'DS200' AND MADT = 'DT002DS200' AND CAU = 2
UPDATE KETQUATHI SET DIEM = 2 WHERE MSSV = 12340013 AND MAMH = 'DS200' AND MADT = 'DT002DS200' AND CAU = 3

UPDATE KETQUATHI SET DIEM = 3 WHERE MSSV = 12340014 AND MAMH = 'DS102' AND MADT = 'DT004DS102' AND CAU = 2
UPDATE KETQUATHI SET DIEM = 2 WHERE MSSV = 12340014 AND MAMH = 'DS102' AND MADT = 'DT004DS102' AND CAU = 3

UPDATE KETQUATHI SET DIEM = 3 WHERE MSSV = 12340015 AND MAMH = 'DS201' AND MADT = 'DT002DS201' AND CAU = 2
UPDATE KETQUATHI SET DIEM = 2 WHERE MSSV = 12340015 AND MAMH = 'DS201' AND MADT = 'DT002DS201' AND CAU = 3
UPDATE KETQUATHI SET DIEM = 3 WHERE MSSV = 12340015 AND MAMH = 'DS201' AND MADT = 'DT004DS201' AND CAU = 2
UPDATE KETQUATHI SET DIEM = 2 WHERE MSSV = 12340015 AND MAMH = 'DS201' AND MADT = 'DT004DS201' AND CAU = 3
UPDATE KETQUATHI SET DIEM = 3 WHERE MSSV = 12340015 AND MAMH = 'DS200' AND MADT = 'DT002DS200' AND CAU = 2
UPDATE KETQUATHI SET DIEM = 2 WHERE MSSV = 12340015 AND MAMH = 'DS200' AND MADT = 'DT002DS200' AND CAU = 3

UPDATE KETQUATHI SET DIEM = 4 WHERE MSSV = 12340016 AND MAMH = 'DS300' AND MADT = 'DT003DS300' AND CAU = 1
UPDATE KETQUATHI SET DIEM = 2 WHERE MSSV = 12340016 AND MAMH = 'DS300' AND MADT = 'DT003DS300' AND CAU = 3
UPDATE KETQUATHI SET DIEM = 4 WHERE MSSV = 12340016 AND MAMH = 'DS300' AND MADT = 'DT004DS300' AND CAU = 1
UPDATE KETQUATHI SET DIEM = 2 WHERE MSSV = 12340016 AND MAMH = 'DS300' AND MADT = 'DT004DS300' AND CAU = 3
UPDATE KETQUATHI SET DIEM = 4 WHERE MSSV = 12340016 AND MAMH = 'DS102' AND MADT = 'DT002DS102' AND CAU = 2
UPDATE KETQUATHI SET DIEM = 2 WHERE MSSV = 12340016 AND MAMH = 'DS102' AND MADT = 'DT002DS102' AND CAU = 3
UPDATE KETQUATHI SET DIEM = 3 WHERE MSSV = 12340016 AND MAMH = 'DS201' AND MADT = 'DT002DS201' AND CAU = 1
UPDATE KETQUATHI SET DIEM = 3 WHERE MSSV = 12340016 AND MAMH = 'DS201' AND MADT = 'DT002DS201' AND CAU = 2
UPDATE KETQUATHI SET DIEM = 1 WHERE MSSV = 12340016 AND MAMH = 'DS201' AND MADT = 'DT002DS201' AND CAU = 3
UPDATE KETQUATHI SET DIEM = 4 WHERE MSSV = 12340016 AND MAMH = 'DS201' AND MADT = 'DT004DS201' AND CAU = 1
UPDATE KETQUATHI SET DIEM = 2 WHERE MSSV = 12340016 AND MAMH = 'DS201' AND MADT = 'DT004DS201' AND CAU = 3

UPDATE KETQUATHI SET DIEM = 3 WHERE MSSV = 12340017 AND MAMH = 'DS300' AND MADT = 'DT002DS300' AND CAU = 1
UPDATE KETQUATHI SET DIEM = 2 WHERE MSSV = 12340017 AND MAMH = 'DS300' AND MADT = 'DT002DS300' AND CAU = 3
UPDATE KETQUATHI SET DIEM = 4 WHERE MSSV = 12340017 AND MAMH = 'DS201' AND MADT = 'DT002DS201' AND CAU = 1
UPDATE KETQUATHI SET DIEM = 2 WHERE MSSV = 12340017 AND MAMH = 'DS201' AND MADT = 'DT002DS201' AND CAU = 2
UPDATE KETQUATHI SET DIEM = 2 WHERE MSSV = 12340017 AND MAMH = 'DS201' AND MADT = 'DT002DS201' AND CAU = 3

UPDATE KETQUATHI SET DIEM = 3 WHERE MSSV = 12340018 AND MAMH = 'DS102' AND MADT = 'DT003DS102' AND CAU = 2
UPDATE KETQUATHI SET DIEM = 2 WHERE MSSV = 12340018 AND MAMH = 'DS102' AND MADT = 'DT003DS102' AND CAU = 3

UPDATE KETQUATHI SET DIEM = 3 WHERE MSSV = 12340019 AND MAMH = 'DS102' AND MADT = 'DT002DS102' AND CAU = 2
UPDATE KETQUATHI SET DIEM = 2 WHERE MSSV = 12340019 AND MAMH = 'DS102' AND MADT = 'DT002DS102' AND CAU = 3
UPDATE KETQUATHI SET DIEM = 4 WHERE MSSV = 12340019 AND MAMH = 'DS102' AND MADT = 'DT004DS102' AND CAU = 1
UPDATE KETQUATHI SET DIEM = 2 WHERE MSSV = 12340019 AND MAMH = 'DS102' AND MADT = 'DT004DS102' AND CAU = 3

UPDATE KETQUATHI SET DIEM = 3 WHERE MSSV = 12340020 AND MAMH = 'DS300' AND MADT = 'DT002DS300' AND CAU = 1
UPDATE KETQUATHI SET DIEM = 2 WHERE MSSV = 12340020 AND MAMH = 'DS300' AND MADT = 'DT002DS300' AND CAU = 3
UPDATE KETQUATHI SET DIEM = 4 WHERE MSSV = 12340020 AND MAMH = 'DS300' AND MADT = 'DT003DS300' AND CAU = 1
UPDATE KETQUATHI SET DIEM = 2 WHERE MSSV = 12340020 AND MAMH = 'DS300' AND MADT = 'DT003DS300' AND CAU = 3
UPDATE KETQUATHI SET DIEM = 3 WHERE MSSV = 12340020 AND MAMH = 'DS102' AND MADT = 'DT002DS102' AND CAU = 2
UPDATE KETQUATHI SET DIEM = 2 WHERE MSSV = 12340020 AND MAMH = 'DS102' AND MADT = 'DT002DS102' AND CAU = 3
UPDATE KETQUATHI SET DIEM = 3 WHERE MSSV = 12340020 AND MAMH = 'DS102' AND MADT = 'DT004DS102' AND CAU = 2
UPDATE KETQUATHI SET DIEM = 2 WHERE MSSV = 12340020 AND MAMH = 'DS102' AND MADT = 'DT004DS102' AND CAU = 3
UPDATE KETQUATHI SET DIEM = 4 WHERE MSSV = 12340020 AND MAMH = 'DS201' AND MADT = 'DT003DS201' AND CAU = 2
UPDATE KETQUATHI SET DIEM = 2 WHERE MSSV = 12340020 AND MAMH = 'DS201' AND MADT = 'DT003DS201' AND CAU = 3
UPDATE KETQUATHI SET DIEM = 3 WHERE MSSV = 12340020 AND MAMH = 'DS200' AND MADT = 'DT002DS200' AND CAU = 2
UPDATE KETQUATHI SET DIEM = 2 WHERE MSSV = 12340020 AND MAMH = 'DS200' AND MADT = 'DT002DS200' AND CAU = 3















